student_id,attendance_pct,internal_test_1_pct,internal_test_2_pct,assignment_score_pct,daily_study_hours,previous_year_marks_pct,final_marks_pct
S1000,84.0,75.0,90.0,70.0,3.0,77.2,72.0
S1001,91.0,60.0,95.0,60.0,3.0,37.7,56.0
S1002,73.0,72.5,65.0,70.0,3.0,59.6,56.0
S1003,80.0,90.0,87.5,70.0,3.0,88.5,74.0
S1004,84.0,77.5,92.5,80.0,3.0,69.3,66.0
S1005,100.0,85.0,85.0,70.0,3.0,71.6,79.0
S1006,96.0,100.0,90.0,80.0,3.0,64.6,83.0
S1007,83.0,97.5,92.5,70.0,3.0,78.4,77.0
S1008,91.0,75.0,92.5,80.0,2.0,61.8,71.0
S1009,87.0,67.5,92.5,80.0,3.0,65.0,61.0
S1010,77.0,85.0,62.5,70.0,2.0,76.3,54.0
S1011,78.0,65.0,70.0,60.0,3.0,78.1,53.0
S1012,77.0,67.5,72.5,70.0,3.0,74.6,53.0
S1013,84.0,70.0,85.0,90.0,3.0,55.2,55.0
S1014,86.0,95.0,82.5,80.0,3.0,77.6,65.0
S1015,71.0,70.0,72.5,70.0,3.0,65.2,53.0
S1016,94.0,85.0,90.0,80.0,3.0,90.3,75.0
S1017,85.0,72.5,90.0,70.0,2.0,58.6,69.0
S1018,84.0,90.0,85.0,80.0,3.0,81.3,74.0
S1019,82.0,87.5,72.5,70.0,3.0,75.1,66.0
S1020,98.0,100.0,100.0,90.0,4.0,70.1,92.0
S1021,83.0,67.5,87.5,70.0,2.0,88.4,52.0
S1022,84.0,65.0,87.5,80.0,3.0,49.0,54.0
S1023,91.0,87.5,80.0,70.0,3.0,62.3,67.0
S1024,85.0,87.5,65.0,60.0,3.0,79.9,52.0
S1025,91.0,92.5,92.5,80.0,2.0,64.2,77.0
S1026,86.0,97.5,75.0,70.0,3.0,69.9,71.0
S1027,86.0,77.5,67.5,70.0,2.0,77.7,56.0
S1028,95.0,100.0,82.5,90.0,3.0,74.6,80.0
S1029,85.0,62.5,90.0,70.0,3.0,72.4,65.0
S1030,78.0,62.5,82.5,70.0,3.0,55.5,56.0
S1031,75.0,77.5,87.5,70.0,3.0,59.2,60.0
S1032,85.0,85.0,87.5,80.0,4.0,58.9,73.0
S1033,77.0,82.5,72.5,70.0,2.0,62.8,64.0
S1034,91.0,100.0,90.0,90.0,4.0,78.9,81.0
S1035,87.0,82.5,82.5,80.0,3.0,51.2,69.0
S1036,83.0,80.0,65.0,70.0,4.0,95.6,70.0
S1037,80.0,72.5,90.0,60.0,3.0,44.1,54.0
S1038,84.0,77.5,77.5,70.0,3.0,74.1,58.0
S1039,90.0,97.5,100.0,100.0,3.0,90.5,88.0
S1040,92.0,85.0,97.5,80.0,3.0,72.0,74.0
S1041,75.0,77.5,60.0,80.0,2.0,60.2,55.0
S1042,100.0,90.0,97.5,70.0,4.0,66.5,85.0
S1043,80.0,77.5,77.5,90.0,2.0,73.5,59.0
S1044,76.0,82.5,75.0,70.0,3.0,55.4,59.0
S1045,97.0,95.0,82.5,70.0,3.0,60.7,79.0
S1046,95.0,100.0,90.0,70.0,3.0,53.6,84.0
S1047,92.0,87.5,100.0,90.0,3.0,92.3,85.0
S1048,80.0,85.0,70.0,80.0,4.0,73.2,60.0
S1049,94.0,72.5,75.0,70.0,3.0,35.0,64.0
S1050,84.0,82.5,77.5,80.0,3.0,35.0,67.0
S1051,74.0,77.5,80.0,60.0,2.0,70.1,51.0
S1052,80.0,70.0,80.0,80.0,2.0,67.8,61.0
S1053,75.0,85.0,75.0,90.0,3.0,67.4,71.0
S1054,92.0,90.0,92.5,90.0,3.0,58.2,77.0
S1055,94.0,82.5,87.5,70.0,4.0,51.7,70.0
S1056,77.0,82.5,77.5,80.0,3.0,80.4,62.0
S1057,84.0,97.5,77.5,80.0,3.0,56.7,76.0
S1058,88.0,72.5,95.0,80.0,3.0,56.0,63.0
S1059,76.0,82.5,92.5,80.0,3.0,60.0,73.0
S1060,93.0,95.0,57.5,80.0,3.0,69.3,65.0
S1061,77.0,62.5,75.0,70.0,4.0,63.5,58.0
S1062,74.0,72.5,82.5,70.0,3.0,74.8,57.0
S1063,78.0,65.0,67.5,70.0,2.0,67.9,48.0
S1064,82.0,90.0,95.0,80.0,3.0,59.4,77.0
S1065,78.0,90.0,67.5,80.0,3.0,59.1,51.0
S1066,95.0,92.5,85.0,80.0,2.0,76.9,63.0
S1067,85.0,97.5,100.0,100.0,3.0,63.8,75.0
S1068,74.0,62.5,77.5,60.0,3.0,55.8,58.0
S1069,88.0,95.0,77.5,70.0,3.0,68.5,78.0
S1070,74.0,52.5,77.5,60.0,3.0,60.7,44.0
S1071,97.0,90.0,75.0,80.0,3.0,72.6,71.0
S1072,75.0,77.5,65.0,70.0,2.0,71.7,58.0
S1073,81.0,87.5,87.5,80.0,3.0,66.0,73.0
S1074,87.0,77.5,85.0,80.0,4.0,82.7,66.0
S1075,79.0,75.0,70.0,60.0,3.0,55.3,60.0
S1076,77.0,82.5,80.0,60.0,3.0,90.5,65.0
S1077,87.0,70.0,80.0,60.0,3.0,79.6,66.0
S1078,73.0,82.5,72.5,70.0,3.0,36.4,61.0
S1079,93.0,92.5,100.0,90.0,3.0,56.3,76.0
S1080,75.0,87.5,77.5,70.0,3.0,63.8,67.0
S1081,75.0,72.5,85.0,70.0,2.0,63.4,53.0
S1082,84.0,87.5,87.5,70.0,3.0,81.8,67.0
S1083,67.0,77.5,75.0,60.0,3.0,62.3,50.0
S1084,85.0,85.0,75.0,70.0,3.0,68.6,57.0
S1085,79.0,70.0,82.5,60.0,2.0,57.6,60.0
S1086,88.0,80.0,80.0,70.0,3.0,72.2,68.0
S1087,84.0,100.0,90.0,90.0,4.0,74.1,74.0
S1088,92.0,82.5,85.0,80.0,3.0,65.3,66.0
S1089,78.0,82.5,87.5,80.0,3.0,90.2,69.0
S1090,91.0,100.0,90.0,80.0,2.0,60.1,73.0
S1091,85.0,92.5,100.0,90.0,3.0,53.9,71.0
S1092,81.0,82.5,85.0,80.0,3.0,73.4,66.0
S1093,87.0,80.0,77.5,60.0,4.0,82.7,65.0
S1094,79.0,82.5,60.0,70.0,2.0,60.9,53.0
S1095,80.0,65.0,80.0,70.0,3.0,75.9,56.0
S1096,81.0,82.5,82.5,90.0,3.0,45.8,62.0
S1097,86.0,67.5,90.0,70.0,2.0,58.5,69.0
S1098,84.0,90.0,82.5,70.0,3.0,60.7,71.0
S1099,68.0,67.5,72.5,60.0,2.0,44.6,45.0
S1100,96.0,85.0,92.5,80.0,3.0,54.4,80.0
S1101,99.0,75.0,100.0,90.0,4.0,49.1,80.0
S1102,80.0,75.0,72.5,80.0,3.0,71.5,57.0
S1103,92.0,90.0,70.0,70.0,3.0,64.7,67.0
S1104,89.0,65.0,85.0,60.0,2.0,64.6,56.0
S1105,82.0,77.5,85.0,80.0,3.0,67.1,69.0
S1106,83.0,85.0,100.0,90.0,2.0,60.4,69.0
S1107,94.0,80.0,85.0,60.0,3.0,71.3,74.0
S1108,72.0,75.0,80.0,70.0,3.0,65.2,55.0
S1109,92.0,90.0,85.0,70.0,4.0,58.8,73.0
S1110,95.0,90.0,85.0,80.0,3.0,60.2,83.0
S1111,80.0,72.5,87.5,80.0,3.0,43.6,66.0
S1112,97.0,82.5,100.0,90.0,3.0,68.5,88.0
S1113,91.0,80.0,72.5,70.0,2.0,69.1,52.0
S1114,94.0,87.5,77.5,70.0,4.0,61.3,75.0
S1115,84.0,80.0,77.5,80.0,3.0,83.9,57.0
S1116,77.0,67.5,75.0,70.0,2.0,71.0,49.0
S1117,82.0,82.5,77.5,70.0,3.0,72.3,57.0
S1118,67.0,45.0,80.0,50.0,1.0,68.5,35.0
S1119,78.0,60.0,70.0,70.0,3.0,52.9,46.0
S1120,90.0,80.0,82.5,90.0,2.0,51.2,65.0
S1121,78.0,67.5,82.5,70.0,3.0,70.7,62.0
S1122,88.0,90.0,82.5,80.0,3.0,87.9,73.0
S1123,100.0,60.0,95.0,80.0,4.0,42.2,73.0
S1124,81.0,72.5,75.0,80.0,2.0,67.8,55.0
S1125,88.0,82.5,97.5,80.0,3.0,64.6,78.0
S1126,73.0,82.5,77.5,70.0,3.0,62.4,66.0
S1127,93.0,90.0,90.0,80.0,4.0,50.8,72.0
S1128,92.0,92.5,87.5,70.0,4.0,58.6,69.0
S1129,80.0,77.5,72.5,70.0,3.0,61.1,59.0
S1130,77.0,82.5,72.5,70.0,2.0,64.7,49.0
S1131,81.0,100.0,67.5,80.0,3.0,86.2,66.0
S1132,75.0,87.5,70.0,80.0,2.0,85.6,58.0
S1133,89.0,100.0,77.5,90.0,3.0,55.3,78.0
S1134,93.0,92.5,87.5,90.0,3.0,85.9,76.0
S1135,86.0,80.0,77.5,70.0,3.0,74.2,63.0
S1136,71.0,85.0,50.0,60.0,2.0,64.3,42.0
S1137,98.0,77.5,95.0,70.0,3.0,52.6,78.0
S1138,89.0,75.0,97.5,70.0,3.0,64.7,78.0
S1139,87.0,87.5,100.0,90.0,3.0,67.0,89.0
S1140,72.0,57.5,82.5,60.0,4.0,71.3,58.0
S1141,84.0,92.5,85.0,90.0,3.0,59.9,71.0
S1142,85.0,77.5,72.5,80.0,3.0,72.6,61.0
S1143,86.0,95.0,77.5,90.0,2.0,55.6,72.0
S1144,90.0,62.5,100.0,80.0,3.0,55.4,69.0
S1145,78.0,92.5,82.5,80.0,3.0,65.2,75.0
S1146,81.0,77.5,85.0,70.0,3.0,70.5,65.0
S1147,79.0,72.5,85.0,80.0,2.0,69.5,56.0
S1148,83.0,90.0,75.0,90.0,2.0,58.3,55.0
S1149,70.0,52.5,92.5,60.0,2.0,65.5,49.0
S1150,93.0,75.0,77.5,70.0,3.0,82.2,66.0
S1151,89.0,90.0,95.0,100.0,3.0,64.8,80.0
S1152,91.0,87.5,80.0,80.0,3.0,87.3,69.0
S1153,84.0,82.5,90.0,80.0,3.0,81.3,69.0
S1154,87.0,75.0,100.0,80.0,3.0,85.2,78.0
S1155,81.0,55.0,100.0,80.0,3.0,83.2,62.0
S1156,98.0,90.0,67.5,60.0,3.0,60.8,56.0
S1157,75.0,52.5,75.0,60.0,3.0,56.5,51.0
S1158,74.0,62.5,67.5,70.0,3.0,65.9,46.0
S1159,84.0,85.0,82.5,70.0,3.0,54.0,67.0
S1160,86.0,77.5,90.0,80.0,3.0,52.8,77.0
S1161,100.0,97.5,100.0,80.0,3.0,74.8,78.0
S1162,93.0,100.0,90.0,90.0,3.0,74.2,81.0
S1163,89.0,77.5,70.0,70.0,3.0,62.2,58.0
S1164,78.0,85.0,82.5,80.0,3.0,67.9,69.0
S1165,77.0,62.5,67.5,50.0,2.0,84.8,44.0
S1166,77.0,72.5,85.0,70.0,3.0,59.6,61.0
S1167,91.0,75.0,90.0,80.0,4.0,61.7,66.0
S1168,92.0,85.0,75.0,70.0,3.0,58.9,66.0
S1169,92.0,75.0,100.0,70.0,3.0,67.5,77.0
S1170,77.0,80.0,82.5,70.0,3.0,86.1,62.0
S1171,74.0,62.5,72.5,50.0,2.0,74.9,43.0
S1172,86.0,82.5,85.0,90.0,2.0,69.7,62.0
S1173,89.0,85.0,72.5,80.0,3.0,82.2,68.0
S1174,87.0,82.5,82.5,60.0,3.0,51.5,59.0
S1175,91.0,70.0,85.0,80.0,3.0,72.2,69.0
S1176,92.0,100.0,90.0,80.0,2.0,79.4,74.0
S1177,95.0,90.0,70.0,80.0,4.0,56.6,71.0
S1178,91.0,92.5,87.5,90.0,2.0,58.0,79.0
S1179,72.0,82.5,85.0,80.0,3.0,46.4,60.0
S1180,80.0,72.5,57.5,50.0,3.0,73.7,48.0
S1181,83.0,80.0,75.0,90.0,3.0,75.7,65.0
S1182,100.0,90.0,100.0,100.0,3.0,48.4,80.0
S1183,79.0,82.5,65.0,70.0,3.0,78.8,55.0
S1184,82.0,72.5,100.0,70.0,3.0,76.6,67.0
S1185,83.0,87.5,80.0,90.0,2.0,84.5,62.0
S1186,91.0,80.0,97.5,70.0,3.0,73.9,70.0
S1187,82.0,85.0,80.0,90.0,3.0,57.2,61.0
S1188,87.0,77.5,70.0,80.0,3.0,60.1,63.0
S1189,74.0,77.5,70.0,60.0,2.0,70.8,44.0
S1190,86.0,85.0,82.5,70.0,3.0,58.5,67.0
S1191,94.0,90.0,87.5,80.0,2.0,71.2,68.0
S1192,90.0,87.5,75.0,70.0,3.0,65.3,63.0
S1193,83.0,92.5,82.5,70.0,4.0,74.2,72.0
S1194,92.0,82.5,80.0,60.0,2.0,67.7,66.0
S1195,92.0,85.0,72.5,60.0,3.0,69.2,66.0
S1196,88.0,77.5,77.5,80.0,3.0,68.0,65.0
S1197,90.0,85.0,87.5,80.0,2.0,98.0,65.0
S1198,93.0,90.0,95.0,80.0,3.0,70.0,87.0
S1199,79.0,77.5,67.5,80.0,3.0,71.5,62.0
S1200,80.0,87.5,82.5,80.0,3.0,57.5,69.0
S1201,90.0,87.5,82.5,80.0,3.0,72.2,70.0
S1202,99.0,67.5,100.0,70.0,3.0,86.8,81.0
S1203,84.0,85.0,75.0,70.0,4.0,43.6,65.0
S1204,77.0,85.0,77.5,70.0,2.0,49.5,51.0
S1205,95.0,95.0,97.5,70.0,3.0,66.3,77.0
S1206,82.0,87.5,85.0,80.0,3.0,54.8,72.0
S1207,82.0,65.0,82.5,70.0,3.0,90.5,59.0
S1208,66.0,55.0,67.5,60.0,3.0,38.2,43.0
S1209,84.0,92.5,72.5,80.0,3.0,63.5,70.0
S1210,90.0,82.5,77.5,80.0,3.0,69.5,67.0
S1211,77.0,67.5,92.5,80.0,2.0,68.8,66.0
S1212,92.0,77.5,75.0,70.0,3.0,67.8,60.0
S1213,77.0,100.0,65.0,80.0,3.0,55.2,61.0
S1214,80.0,72.5,80.0,60.0,4.0,81.2,53.0
S1215,77.0,65.0,57.5,60.0,3.0,70.9,47.0
S1216,78.0,82.5,72.5,70.0,2.0,62.6,59.0
S1217,73.0,75.0,82.5,70.0,1.0,57.1,49.0
S1218,82.0,82.5,72.5,70.0,2.0,68.4,58.0
S1219,81.0,60.0,82.5,70.0,2.0,60.6,54.0
S1220,82.0,70.0,62.5,70.0,3.0,58.9,52.0
S1221,86.0,100.0,87.5,90.0,3.0,62.9,81.0
S1222,71.0,75.0,65.0,60.0,3.0,45.9,57.0
S1223,88.0,57.5,75.0,70.0,3.0,44.3,57.0
S1224,89.0,72.5,82.5,60.0,3.0,62.6,64.0
S1225,83.0,82.5,70.0,70.0,2.0,72.6,56.0
S1226,89.0,85.0,100.0,70.0,3.0,60.7,76.0
S1227,84.0,87.5,82.5,90.0,3.0,77.3,69.0
S1228,99.0,90.0,100.0,100.0,3.0,54.6,73.0
S1229,93.0,82.5,87.5,80.0,3.0,69.0,71.0
S1230,91.0,75.0,90.0,70.0,3.0,89.8,72.0
S1231,74.0,67.5,67.5,50.0,3.0,67.6,40.0
S1232,85.0,92.5,67.5,80.0,3.0,98.0,62.0
S1233,90.0,95.0,77.5,80.0,2.0,59.0,65.0
S1234,92.0,90.0,70.0,80.0,3.0,61.9,73.0
S1235,84.0,60.0,80.0,80.0,2.0,66.6,50.0
S1236,100.0,92.5,100.0,90.0,3.0,84.2,87.0
S1237,88.0,80.0,80.0,80.0,3.0,46.1,59.0
S1238,80.0,72.5,85.0,80.0,3.0,71.1,61.0
S1239,80.0,75.0,92.5,80.0,3.0,91.5,72.0
S1240,89.0,85.0,92.5,90.0,4.0,86.8,77.0
S1241,91.0,77.5,90.0,90.0,3.0,53.7,74.0
S1242,90.0,82.5,92.5,80.0,3.0,64.6,72.0
S1243,84.0,95.0,97.5,80.0,3.0,67.8,87.0
S1244,94.0,85.0,100.0,80.0,3.0,60.2,80.0
S1245,73.0,67.5,72.5,70.0,2.0,49.8,52.0
S1246,80.0,72.5,70.0,70.0,3.0,51.0,52.0
S1247,86.0,87.5,75.0,90.0,4.0,51.3,75.0
S1248,92.0,77.5,87.5,70.0,3.0,79.7,70.0
S1249,89.0,90.0,100.0,80.0,3.0,70.6,78.0
S1250,77.0,70.0,85.0,80.0,3.0,39.1,64.0
S1251,94.0,85.0,85.0,80.0,4.0,84.6,75.0
S1252,97.0,97.5,92.5,90.0,4.0,82.3,87.0
S1253,99.0,100.0,82.5,90.0,3.0,62.9,87.0
S1254,88.0,82.5,100.0,80.0,3.0,71.6,76.0
S1255,100.0,95.0,90.0,90.0,3.0,40.3,85.0
S1256,90.0,72.5,100.0,80.0,2.0,95.4,80.0
S1257,88.0,80.0,72.5,80.0,3.0,70.8,69.0
S1258,86.0,90.0,92.5,70.0,2.0,49.0,62.0
S1259,79.0,85.0,70.0,70.0,3.0,58.0,62.0
S1260,83.0,77.5,72.5,80.0,2.0,73.4,53.0
S1261,86.0,85.0,75.0,80.0,3.0,78.7,54.0
S1262,82.0,90.0,75.0,90.0,2.0,62.2,64.0
S1263,85.0,85.0,67.5,70.0,2.0,83.8,58.0
S1264,67.0,75.0,65.0,70.0,2.0,51.2,53.0
S1265,93.0,85.0,95.0,70.0,3.0,73.9,72.0
S1266,71.0,80.0,62.5,70.0,3.0,52.6,53.0
S1267,87.0,85.0,95.0,90.0,3.0,61.7,82.0
S1268,86.0,80.0,65.0,80.0,4.0,55.5,60.0
S1269,84.0,80.0,65.0,70.0,3.0,52.9,56.0
S1270,80.0,90.0,77.5,70.0,2.0,78.1,62.0
S1271,92.0,80.0,82.5,80.0,3.0,61.5,67.0
S1272,89.0,92.5,77.5,80.0,4.0,58.0,66.0
S1273,91.0,95.0,87.5,90.0,3.0,75.1,85.0
S1274,80.0,72.5,65.0,70.0,2.0,72.2,60.0
S1275,94.0,100.0,85.0,70.0,2.0,83.6,74.0
S1276,77.0,87.5,75.0,80.0,1.0,77.9,60.0
S1277,87.0,75.0,67.5,70.0,4.0,71.0,55.0
S1278,76.0,67.5,77.5,70.0,2.0,69.6,61.0
S1279,91.0,85.0,92.5,80.0,3.0,41.8,78.0
S1280,77.0,72.5,87.5,80.0,3.0,62.9,57.0
S1281,94.0,92.5,70.0,90.0,3.0,67.4,67.0
S1282,71.0,75.0,75.0,70.0,3.0,60.1,54.0
S1283,75.0,72.5,82.5,80.0,3.0,79.6,61.0
S1284,83.0,92.5,82.5,80.0,2.0,69.1,67.0
S1285,86.0,85.0,92.5,90.0,3.0,63.2,81.0
S1286,96.0,100.0,95.0,90.0,4.0,61.6,90.0
S1287,86.0,80.0,60.0,60.0,2.0,71.4,59.0
S1288,90.0,95.0,97.5,90.0,4.0,61.1,85.0
S1289,77.0,100.0,72.5,80.0,3.0,69.9,75.0
S1290,82.0,72.5,70.0,70.0,2.0,90.2,52.0
S1291,78.0,80.0,72.5,70.0,2.0,55.6,61.0
S1292,83.0,85.0,70.0,70.0,3.0,73.6,70.0
S1293,86.0,70.0,90.0,80.0,3.0,90.8,69.0
S1294,79.0,77.5,72.5,70.0,3.0,52.2,60.0
S1295,89.0,97.5,95.0,90.0,3.0,77.3,78.0
S1296,90.0,77.5,70.0,70.0,3.0,47.5,62.0
S1297,69.0,67.5,75.0,80.0,2.0,83.7,45.0
S1298,74.0,77.5,82.5,80.0,2.0,73.2,53.0
S1299,78.0,72.5,65.0,70.0,2.0,86.3,53.0
S1300,80.0,65.0,60.0,50.0,3.0,55.0,47.0
S1301,85.0,77.5,87.5,80.0,3.0,52.6,61.0
S1302,86.0,72.5,47.5,50.0,3.0,47.4,47.0
S1303,76.0,52.5,85.0,60.0,2.0,65.3,54.0
S1304,82.0,72.5,80.0,70.0,3.0,44.8,61.0
S1305,79.0,70.0,77.5,70.0,2.0,73.4,61.0
S1306,93.0,72.5,90.0,70.0,3.0,76.5,61.0
S1307,83.0,87.5,80.0,90.0,3.0,72.8,69.0
S1308,79.0,77.5,77.5,60.0,3.0,87.9,63.0
S1309,90.0,100.0,95.0,100.0,3.0,73.1,88.0
S1310,80.0,82.5,75.0,80.0,2.0,81.9,61.0
S1311,71.0,80.0,75.0,80.0,2.0,57.7,54.0
S1312,82.0,80.0,72.5,80.0,3.0,70.4,65.0
S1313,79.0,72.5,70.0,70.0,3.0,65.3,57.0
S1314,75.0,62.5,72.5,70.0,3.0,66.3,51.0
S1315,87.0,80.0,92.5,80.0,3.0,78.6,65.0
S1316,86.0,80.0,75.0,70.0,3.0,69.5,60.0
S1317,86.0,90.0,90.0,80.0,3.0,83.4,76.0
S1318,100.0,97.5,100.0,80.0,3.0,94.6,85.0
S1319,81.0,87.5,82.5,80.0,3.0,64.1,76.0
S1320,66.0,67.5,80.0,60.0,2.0,63.8,41.0
S1321,80.0,82.5,80.0,60.0,2.0,58.4,59.0
S1322,80.0,75.0,75.0,60.0,3.0,74.0,55.0
S1323,88.0,82.5,92.5,70.0,3.0,77.9,68.0
S1324,92.0,80.0,77.5,70.0,3.0,70.8,70.0
S1325,86.0,80.0,72.5,70.0,3.0,70.7,63.0
S1326,68.0,77.5,52.5,60.0,2.0,74.0,38.0
S1327,81.0,65.0,55.0,60.0,3.0,64.0,55.0
S1328,83.0,95.0,72.5,80.0,3.0,72.6,72.0
S1329,74.0,67.5,67.5,60.0,3.0,47.7,49.0
S1330,91.0,77.5,87.5,80.0,3.0,59.2,64.0
S1331,81.0,67.5,55.0,50.0,2.0,72.7,40.0
S1332,77.0,72.5,77.5,80.0,3.0,65.4,68.0
S1333,84.0,95.0,65.0,70.0,3.0,56.6,71.0
S1334,77.0,80.0,62.5,70.0,3.0,51.6,47.0
S1335,85.0,70.0,82.5,70.0,3.0,75.8,62.0
S1336,91.0,77.5,87.5,80.0,3.0,65.5,69.0
S1337,83.0,77.5,97.5,70.0,3.0,69.2,70.0
S1338,76.0,75.0,75.0,70.0,3.0,64.3,50.0
S1339,74.0,80.0,60.0,80.0,2.0,65.5,56.0
S1340,86.0,100.0,87.5,90.0,2.0,77.7,80.0
S1341,78.0,70.0,87.5,80.0,2.0,79.6,50.0
S1342,82.0,85.0,90.0,80.0,3.0,79.8,63.0
S1343,78.0,77.5,80.0,70.0,3.0,61.9,55.0
S1344,81.0,90.0,100.0,90.0,2.0,49.6,70.0
S1345,93.0,95.0,92.5,90.0,4.0,95.0,89.0
S1346,79.0,70.0,85.0,70.0,3.0,68.0,54.0
S1347,84.0,65.0,60.0,60.0,2.0,70.0,40.0
S1348,76.0,82.5,65.0,70.0,2.0,77.2,53.0
S1349,81.0,67.5,92.5,80.0,2.0,79.0,48.0
S1350,82.0,77.5,97.5,80.0,3.0,54.4,73.0
S1351,82.0,87.5,90.0,90.0,3.0,68.6,76.0
S1352,83.0,70.0,82.5,60.0,2.0,74.6,55.0
S1353,76.0,72.5,72.5,70.0,3.0,56.7,52.0
S1354,82.0,75.0,77.5,70.0,2.0,61.2,60.0
S1355,96.0,100.0,90.0,90.0,3.0,49.9,89.0
S1356,78.0,75.0,82.5,70.0,3.0,81.9,62.0
S1357,91.0,75.0,82.5,80.0,4.0,85.3,74.0
S1358,100.0,92.5,100.0,80.0,3.0,84.4,92.0
S1359,83.0,72.5,87.5,70.0,2.0,70.9,64.0
S1360,96.0,100.0,87.5,80.0,2.0,75.1,79.0
S1361,75.0,57.5,67.5,60.0,2.0,65.6,48.0
S1362,95.0,77.5,97.5,80.0,3.0,68.7,77.0
S1363,87.0,95.0,72.5,70.0,2.0,62.5,72.0
S1364,95.0,90.0,70.0,60.0,2.0,54.3,63.0
S1365,78.0,77.5,82.5,70.0,2.0,49.9,67.0
S1366,86.0,97.5,97.5,90.0,3.0,36.2,78.0
S1367,76.0,90.0,72.5,70.0,3.0,80.1,58.0
S1368,82.0,90.0,70.0,60.0,3.0,57.3,58.0
S1369,71.0,60.0,52.5,60.0,2.0,59.9,41.0
S1370,84.0,77.5,87.5,80.0,3.0,54.2,66.0
S1371,78.0,82.5,60.0,70.0,2.0,66.5,47.0
S1372,79.0,92.5,72.5,90.0,2.0,71.6,69.0
S1373,92.0,77.5,77.5,70.0,2.0,77.9,70.0
S1374,66.0,57.5,72.5,70.0,2.0,62.2,47.0
S1375,77.0,82.5,67.5,70.0,4.0,55.6,70.0
S1376,77.0,67.5,60.0,60.0,2.0,59.6,48.0
S1377,88.0,72.5,67.5,70.0,3.0,59.8,59.0
S1378,94.0,90.0,70.0,80.0,4.0,55.6,69.0
S1379,83.0,80.0,80.0,70.0,4.0,57.2,61.0
S1380,81.0,75.0,87.5,70.0,2.0,84.5,60.0
S1381,94.0,75.0,80.0,70.0,3.0,78.5,65.0
S1382,88.0,70.0,90.0,70.0,3.0,53.4,62.0
S1383,85.0,80.0,87.5,70.0,2.0,60.9,61.0
S1384,94.0,95.0,90.0,90.0,3.0,74.0,74.0
S1385,86.0,75.0,75.0,70.0,3.0,69.3,61.0
S1386,80.0,90.0,75.0,70.0,3.0,71.2,61.0
S1387,95.0,100.0,85.0,90.0,4.0,70.9,76.0
S1388,88.0,87.5,82.5,70.0,3.0,93.3,63.0
S1389,80.0,62.5,72.5,50.0,3.0,61.1,51.0
S1390,77.0,72.5,80.0,70.0,3.0,67.6,56.0
S1391,84.0,97.5,92.5,70.0,4.0,72.3,82.0
S1392,87.0,72.5,80.0,60.0,2.0,73.6,56.0
S1393,83.0,85.0,85.0,80.0,3.0,71.0,72.0
S1394,81.0,65.0,92.5,70.0,3.0,53.3,57.0
S1395,85.0,85.0,85.0,80.0,3.0,72.1,61.0
S1396,99.0,100.0,100.0,100.0,3.0,69.2,88.0
S1397,88.0,77.5,90.0,80.0,2.0,78.2,70.0
S1398,89.0,75.0,77.5,80.0,2.0,53.9,61.0
S1399,84.0,77.5,85.0,70.0,2.0,69.9,71.0
S1400,88.0,82.5,90.0,70.0,3.0,54.8,81.0
S1401,85.0,77.5,80.0,80.0,3.0,88.2,62.0
S1402,91.0,100.0,77.5,80.0,3.0,80.1,71.0
S1403,84.0,80.0,80.0,80.0,3.0,80.1,67.0
S1404,90.0,85.0,87.5,80.0,3.0,84.3,66.0
S1405,86.0,70.0,77.5,80.0,2.0,75.6,58.0
S1406,91.0,77.5,77.5,60.0,4.0,45.1,62.0
S1407,75.0,72.5,87.5,70.0,3.0,47.5,55.0
S1408,82.0,62.5,90.0,70.0,3.0,78.1,62.0
S1409,100.0,100.0,85.0,70.0,3.0,68.1,85.0
S1410,99.0,97.5,97.5,80.0,3.0,76.6,88.0
S1411,100.0,95.0,80.0,80.0,3.0,76.2,69.0
S1412,89.0,90.0,87.5,70.0,3.0,66.2,69.0
S1413,83.0,70.0,75.0,70.0,3.0,71.5,57.0
S1414,92.0,87.5,85.0,90.0,3.0,83.0,80.0
S1415,81.0,62.5,90.0,70.0,3.0,65.6,50.0
S1416,93.0,85.0,100.0,90.0,3.0,82.1,86.0
S1417,77.0,67.5,72.5,50.0,3.0,53.6,51.0
S1418,91.0,95.0,75.0,80.0,2.0,82.8,63.0
S1419,72.0,77.5,52.5,60.0,3.0,68.8,47.0
S1420,85.0,82.5,95.0,80.0,3.0,63.1,67.0
S1421,99.0,97.5,95.0,90.0,2.0,67.1,79.0
S1422,70.0,67.5,80.0,70.0,2.0,56.6,50.0
S1423,88.0,87.5,85.0,90.0,2.0,71.6,69.0
S1424,81.0,90.0,75.0,80.0,2.0,76.4,66.0
S1425,98.0,95.0,95.0,80.0,3.0,72.4,74.0
S1426,70.0,75.0,70.0,60.0,2.0,44.7,44.0
S1427,74.0,75.0,65.0,70.0,3.0,69.3,50.0
S1428,100.0,82.5,85.0,80.0,2.0,81.1,71.0
S1429,81.0,100.0,97.5,100.0,3.0,75.8,77.0
S1430,84.0,85.0,80.0,80.0,3.0,83.7,68.0
S1431,82.0,80.0,77.5,70.0,3.0,35.0,65.0
S1432,90.0,87.5,97.5,80.0,3.0,67.2,70.0
S1433,82.0,70.0,65.0,60.0,3.0,69.9,57.0
S1434,83.0,75.0,80.0,90.0,3.0,64.0,64.0
S1435,77.0,72.5,62.5,80.0,2.0,71.6,38.0
S1436,87.0,75.0,100.0,90.0,4.0,55.8,84.0
S1437,89.0,90.0,80.0,70.0,2.0,76.4,59.0
S1438,94.0,67.5,72.5,70.0,3.0,37.1,69.0
S1439,90.0,80.0,65.0,60.0,2.0,82.2,56.0
S1440,88.0,77.5,82.5,70.0,4.0,65.3,72.0
S1441,84.0,82.5,80.0,70.0,2.0,84.7,67.0
S1442,96.0,95.0,82.5,90.0,2.0,73.4,79.0
S1443,75.0,60.0,62.5,60.0,2.0,74.4,43.0
S1444,81.0,92.5,97.5,80.0,3.0,60.6,75.0
S1445,81.0,70.0,82.5,70.0,3.0,69.5,62.0
S1446,78.0,72.5,95.0,80.0,3.0,65.9,69.0
S1447,87.0,80.0,62.5,50.0,3.0,72.1,60.0
S1448,83.0,80.0,80.0,70.0,3.0,70.5,59.0
S1449,90.0,100.0,95.0,80.0,4.0,85.2,85.0
S1450,76.0,82.5,87.5,70.0,2.0,78.8,48.0
S1451,86.0,67.5,77.5,60.0,2.0,66.8,59.0
S1452,96.0,82.5,100.0,100.0,3.0,57.6,84.0
S1453,78.0,60.0,70.0,60.0,2.0,68.8,53.0
S1454,81.0,85.0,87.5,90.0,4.0,76.0,70.0
S1455,87.0,85.0,82.5,80.0,3.0,71.8,69.0
S1456,79.0,85.0,75.0,80.0,3.0,72.0,55.0
S1457,80.0,85.0,65.0,70.0,3.0,66.4,58.0
S1458,80.0,80.0,77.5,60.0,3.0,90.0,59.0
S1459,83.0,90.0,87.5,90.0,3.0,74.1,83.0
S1460,78.0,65.0,85.0,80.0,3.0,68.1,64.0
S1461,100.0,100.0,92.5,90.0,4.0,50.1,93.0
S1462,77.0,75.0,70.0,80.0,3.0,69.9,56.0
S1463,83.0,90.0,87.5,80.0,2.0,62.3,71.0
S1464,99.0,77.5,100.0,90.0,3.0,69.3,75.0
S1465,85.0,72.5,97.5,70.0,3.0,67.1,75.0
S1466,86.0,60.0,72.5,70.0,3.0,74.9,50.0
S1467,69.0,80.0,62.5,70.0,2.0,42.8,50.0
S1468,91.0,92.5,85.0,90.0,3.0,65.5,77.0
S1469,89.0,82.5,90.0,90.0,4.0,97.1,74.0
S1470,85.0,82.5,77.5,70.0,3.0,58.5,58.0
S1471,77.0,75.0,87.5,70.0,3.0,77.6,61.0
S1472,81.0,72.5,72.5,70.0,3.0,65.8,53.0
S1473,84.0,95.0,95.0,80.0,3.0,79.3,71.0
S1474,93.0,67.5,80.0,70.0,3.0,71.4,64.0
S1475,87.0,62.5,90.0,80.0,3.0,83.8,66.0
S1476,68.0,90.0,62.5,70.0,2.0,67.4,53.0
S1477,72.0,70.0,55.0,60.0,3.0,75.5,41.0
S1478,80.0,75.0,82.5,80.0,2.0,60.3,61.0
S1479,93.0,100.0,82.5,90.0,3.0,75.3,76.0
S1480,71.0,67.5,62.5,60.0,3.0,70.6,44.0
S1481,84.0,82.5,62.5,70.0,3.0,61.3,52.0
S1482,82.0,80.0,82.5,70.0,3.0,47.4,64.0
S1483,83.0,65.0,87.5,70.0,2.0,64.1,62.0
S1484,92.0,80.0,85.0,80.0,3.0,87.9,70.0
S1485,94.0,100.0,82.5,90.0,2.0,75.2,74.0
S1486,86.0,87.5,77.5,80.0,2.0,55.9,64.0
S1487,71.0,72.5,80.0,70.0,3.0,59.9,58.0
S1488,92.0,92.5,77.5,80.0,2.0,63.8,74.0
S1489,94.0,95.0,92.5,70.0,4.0,43.5,82.0
S1490,78.0,92.5,72.5,70.0,3.0,59.2,65.0
S1491,78.0,67.5,87.5,70.0,3.0,67.7,58.0
S1492,96.0,100.0,100.0,100.0,3.0,52.7,93.0
S1493,78.0,75.0,75.0,50.0,3.0,72.9,47.0
S1494,93.0,75.0,80.0,80.0,3.0,58.2,63.0
S1495,88.0,87.5,82.5,80.0,4.0,60.9,76.0
S1496,91.0,75.0,82.5,70.0,2.0,84.3,73.0
S1497,85.0,95.0,70.0,80.0,3.0,53.8,71.0
S1498,91.0,85.0,77.5,70.0,3.0,59.4,52.0
S1499,71.0,75.0,72.5,70.0,3.0,82.3,49.0
S1500,77.0,72.5,77.5,70.0,3.0,63.0,64.0
S1501,78.0,67.5,82.5,70.0,3.0,60.1,58.0
S1502,80.0,80.0,85.0,70.0,2.0,73.8,64.0
S1503,84.0,85.0,77.5,70.0,3.0,80.1,65.0
S1504,89.0,87.5,75.0,80.0,4.0,69.1,70.0
S1505,90.0,77.5,80.0,80.0,3.0,85.6,72.0
S1506,73.0,72.5,92.5,70.0,2.0,69.5,59.0
S1507,86.0,92.5,87.5,80.0,3.0,53.2,66.0
S1508,80.0,55.0,82.5,60.0,3.0,62.9,48.0
S1509,77.0,62.5,85.0,80.0,3.0,57.2,60.0
S1510,96.0,95.0,80.0,90.0,3.0,85.5,77.0
S1511,82.0,87.5,70.0,70.0,4.0,67.1,71.0
S1512,86.0,62.5,92.5,80.0,3.0,53.2,66.0
S1513,78.0,70.0,80.0,80.0,3.0,75.9,59.0
S1514,90.0,82.5,92.5,90.0,3.0,67.6,74.0
S1515,81.0,57.5,67.5,60.0,2.0,55.8,49.0
S1516,79.0,62.5,77.5,60.0,3.0,67.8,59.0
S1517,79.0,67.5,55.0,60.0,2.0,54.0,36.0
S1518,91.0,65.0,85.0,60.0,2.0,65.3,71.0
S1519,97.0,82.5,100.0,80.0,4.0,68.5,84.0
S1520,90.0,100.0,92.5,90.0,4.0,64.3,84.0
S1521,71.0,85.0,77.5,90.0,3.0,47.5,64.0
S1522,82.0,77.5,80.0,70.0,4.0,76.1,63.0
S1523,100.0,77.5,92.5,80.0,3.0,76.8,74.0
S1524,88.0,65.0,70.0,50.0,4.0,65.4,60.0
S1525,82.0,70.0,77.5,70.0,3.0,52.5,56.0
S1526,86.0,75.0,85.0,80.0,2.0,60.5,62.0
S1527,75.0,60.0,77.5,60.0,3.0,75.5,50.0
S1528,83.0,67.5,90.0,70.0,3.0,90.8,53.0
S1529,79.0,62.5,67.5,60.0,3.0,91.5,40.0
S1530,82.0,75.0,82.5,70.0,3.0,82.0,68.0
S1531,89.0,90.0,77.5,80.0,3.0,56.6,71.0
S1532,93.0,100.0,87.5,70.0,3.0,90.5,76.0
S1533,77.0,47.5,77.5,60.0,3.0,78.7,55.0
S1534,74.0,77.5,100.0,90.0,3.0,42.5,74.0
S1535,88.0,87.5,100.0,80.0,3.0,74.5,82.0
S1536,87.0,90.0,80.0,70.0,3.0,50.4,68.0
S1537,89.0,87.5,90.0,80.0,3.0,76.9,73.0
S1538,76.0,72.5,87.5,90.0,2.0,87.6,57.0
S1539,91.0,100.0,90.0,80.0,3.0,69.5,78.0
S1540,80.0,62.5,75.0,60.0,3.0,65.9,58.0
S1541,92.0,72.5,90.0,70.0,3.0,74.9,63.0
S1542,89.0,92.5,80.0,80.0,4.0,65.4,77.0
S1543,86.0,80.0,82.5,80.0,3.0,72.9,63.0
S1544,78.0,67.5,77.5,60.0,2.0,62.7,53.0
S1545,76.0,70.0,67.5,80.0,3.0,66.0,51.0
S1546,79.0,67.5,65.0,60.0,2.0,68.4,46.0
S1547,77.0,62.5,72.5,60.0,3.0,71.6,50.0
S1548,87.0,90.0,67.5,80.0,3.0,55.8,59.0
S1549,83.0,95.0,77.5,80.0,3.0,76.3,71.0
S1550,86.0,75.0,87.5,80.0,3.0,78.3,68.0
S1551,84.0,70.0,100.0,70.0,2.0,75.4,64.0
S1552,86.0,82.5,72.5,70.0,2.0,67.1,65.0
S1553,85.0,97.5,87.5,90.0,3.0,71.9,76.0
S1554,84.0,80.0,67.5,70.0,3.0,65.9,59.0
S1555,87.0,80.0,92.5,70.0,3.0,80.3,71.0
S1556,75.0,80.0,65.0,70.0,3.0,85.8,49.0
S1557,78.0,85.0,77.5,80.0,2.0,86.3,64.0
S1558,80.0,70.0,67.5,80.0,2.0,59.8,58.0
S1559,65.0,72.5,60.0,70.0,1.0,87.6,51.0
S1560,97.0,90.0,82.5,80.0,3.0,62.6,74.0
S1561,79.0,65.0,60.0,70.0,2.0,77.8,41.0
S1562,86.0,87.5,75.0,70.0,4.0,78.7,66.0
S1563,81.0,70.0,67.5,70.0,3.0,64.8,64.0
S1564,79.0,85.0,70.0,70.0,2.0,53.4,50.0
S1565,77.0,70.0,65.0,70.0,3.0,89.2,51.0
S1566,89.0,85.0,87.5,80.0,3.0,63.4,83.0
S1567,88.0,82.5,87.5,70.0,3.0,62.3,70.0
S1568,86.0,75.0,75.0,80.0,2.0,53.2,64.0
S1569,94.0,60.0,100.0,70.0,3.0,83.6,75.0
S1570,90.0,75.0,75.0,60.0,3.0,63.2,56.0
S1571,81.0,67.5,62.5,70.0,4.0,59.5,50.0
S1572,85.0,65.0,72.5,70.0,2.0,68.4,57.0
S1573,82.0,60.0,80.0,60.0,3.0,55.8,53.0
S1574,100.0,97.5,100.0,90.0,3.0,63.7,91.0
S1575,86.0,77.5,82.5,80.0,4.0,45.3,70.0
S1576,68.0,45.0,70.0,40.0,3.0,51.4,49.0
S1577,100.0,97.5,87.5,80.0,4.0,57.6,85.0
S1578,74.0,50.0,87.5,60.0,2.0,59.0,52.0
S1579,100.0,92.5,92.5,80.0,3.0,71.0,82.0
S1580,85.0,77.5,92.5,80.0,3.0,68.2,78.0
S1581,86.0,85.0,85.0,80.0,3.0,83.3,70.0
S1582,88.0,90.0,85.0,90.0,3.0,55.3,80.0
S1583,84.0,92.5,100.0,80.0,3.0,63.4,77.0
S1584,90.0,92.5,77.5,70.0,3.0,35.0,71.0
S1585,82.0,75.0,82.5,80.0,2.0,54.4,66.0
S1586,74.0,57.5,62.5,60.0,3.0,36.5,40.0
S1587,88.0,82.5,87.5,80.0,3.0,69.6,68.0
S1588,87.0,85.0,70.0,70.0,3.0,66.3,68.0
S1589,85.0,82.5,92.5,100.0,3.0,87.0,81.0
S1590,94.0,75.0,90.0,80.0,3.0,63.8,77.0
S1591,89.0,85.0,80.0,80.0,3.0,70.9,70.0
S1592,89.0,80.0,85.0,80.0,3.0,51.9,70.0
S1593,86.0,100.0,100.0,90.0,3.0,75.2,80.0
S1594,78.0,80.0,60.0,60.0,3.0,69.1,49.0
S1595,80.0,77.5,85.0,80.0,3.0,65.2,64.0
S1596,86.0,92.5,100.0,90.0,3.0,68.3,81.0
S1597,80.0,97.5,70.0,70.0,3.0,67.8,65.0
S1598,89.0,95.0,65.0,60.0,3.0,57.2,62.0
S1599,90.0,80.0,80.0,70.0,4.0,66.1,68.0
S1600,90.0,87.5,75.0,70.0,2.0,75.8,75.0
S1601,96.0,95.0,100.0,90.0,3.0,65.2,81.0
S1602,78.0,67.5,77.5,70.0,3.0,75.3,68.0
S1603,69.0,82.5,85.0,80.0,2.0,63.4,46.0
S1604,86.0,62.5,87.5,60.0,3.0,49.0,58.0
S1605,93.0,82.5,95.0,80.0,3.0,98.0,80.0
S1606,80.0,65.0,52.5,60.0,3.0,95.1,44.0
S1607,83.0,77.5,75.0,70.0,3.0,61.2,65.0
S1608,86.0,77.5,80.0,70.0,3.0,38.6,64.0
S1609,83.0,77.5,92.5,70.0,3.0,72.4,57.0
S1610,89.0,90.0,85.0,90.0,3.0,56.9,69.0
S1611,86.0,72.5,65.0,80.0,2.0,69.4,60.0
S1612,74.0,75.0,77.5,60.0,2.0,52.3,54.0
S1613,99.0,72.5,80.0,60.0,3.0,70.0,61.0
S1614,91.0,87.5,92.5,80.0,3.0,79.3,80.0
S1615,86.0,87.5,85.0,80.0,2.0,82.5,66.0
S1616,86.0,85.0,77.5,80.0,3.0,75.7,70.0
S1617,77.0,80.0,82.5,70.0,2.0,74.6,53.0
S1618,76.0,75.0,77.5,70.0,2.0,61.5,50.0
S1619,78.0,65.0,65.0,70.0,3.0,74.6,51.0
S1620,91.0,70.0,87.5,70.0,3.0,74.2,63.0
S1621,99.0,82.5,100.0,70.0,5.0,63.2,83.0
S1622,93.0,87.5,100.0,80.0,3.0,71.0,76.0
S1623,83.0,62.5,65.0,70.0,2.0,65.8,46.0
S1624,90.0,72.5,72.5,70.0,3.0,60.5,62.0
S1625,96.0,77.5,92.5,80.0,3.0,61.0,74.0
S1626,80.0,75.0,67.5,70.0,2.0,72.9,51.0
S1627,94.0,95.0,87.5,80.0,3.0,66.9,76.0
S1628,91.0,72.5,75.0,70.0,4.0,55.4,74.0
S1629,79.0,60.0,85.0,70.0,3.0,78.7,58.0
S1630,90.0,85.0,87.5,100.0,4.0,60.8,77.0
S1631,100.0,67.5,87.5,80.0,3.0,64.8,79.0
S1632,83.0,82.5,80.0,80.0,4.0,56.9,67.0
S1633,93.0,72.5,80.0,70.0,2.0,72.6,63.0
S1634,83.0,67.5,82.5,60.0,2.0,62.2,54.0
S1635,93.0,75.0,85.0,80.0,2.0,77.3,54.0
S1636,79.0,70.0,80.0,60.0,3.0,52.1,60.0
S1637,82.0,95.0,87.5,90.0,3.0,67.0,80.0
S1638,88.0,82.5,70.0,70.0,2.0,35.0,63.0
S1639,95.0,87.5,100.0,70.0,3.0,82.4,80.0
S1640,96.0,92.5,100.0,90.0,3.0,75.3,86.0
S1641,82.0,65.0,87.5,70.0,3.0,90.0,65.0
S1642,93.0,97.5,95.0,90.0,3.0,57.3,87.0
S1643,92.0,90.0,100.0,90.0,4.0,62.9,85.0
S1644,98.0,72.5,100.0,80.0,3.0,61.6,79.0
S1645,82.0,62.5,65.0,60.0,3.0,73.3,52.0
S1646,80.0,70.0,87.5,80.0,2.0,65.3,65.0
S1647,96.0,87.5,92.5,80.0,3.0,75.0,74.0
S1648,76.0,87.5,72.5,70.0,2.0,66.6,52.0
S1649,81.0,92.5,72.5,80.0,4.0,78.4,65.0
S1650,79.0,75.0,70.0,80.0,3.0,68.1,60.0
S1651,88.0,77.5,85.0,70.0,3.0,58.6,60.0
S1652,79.0,85.0,70.0,70.0,3.0,79.7,64.0
S1653,79.0,85.0,85.0,80.0,3.0,75.0,64.0
S1654,89.0,100.0,75.0,90.0,3.0,72.4,70.0
S1655,98.0,92.5,92.5,80.0,4.0,55.8,86.0
S1656,90.0,75.0,90.0,70.0,3.0,53.1,60.0
S1657,90.0,70.0,85.0,70.0,3.0,47.7,73.0
S1658,85.0,85.0,92.5,90.0,3.0,56.4,76.0
S1659,88.0,77.5,75.0,70.0,3.0,70.5,66.0
S1660,83.0,72.5,77.5,80.0,3.0,52.3,67.0
S1661,82.0,67.5,85.0,80.0,3.0,44.3,57.0
S1662,75.0,62.5,77.5,80.0,3.0,50.3,50.0
S1663,83.0,80.0,92.5,90.0,3.0,64.2,77.0
S1664,85.0,77.5,67.5,70.0,3.0,75.3,57.0
S1665,93.0,87.5,92.5,80.0,3.0,61.6,73.0
S1666,86.0,75.0,65.0,70.0,2.0,59.0,53.0
S1667,84.0,82.5,90.0,70.0,4.0,60.0,72.0
S1668,73.0,90.0,85.0,80.0,2.0,63.9,65.0
S1669,71.0,65.0,87.5,70.0,2.0,54.6,47.0
S1670,85.0,80.0,92.5,80.0,3.0,71.0,67.0
S1671,82.0,90.0,72.5,70.0,3.0,60.2,66.0
S1672,86.0,77.5,70.0,70.0,3.0,38.4,66.0
S1673,80.0,80.0,80.0,70.0,2.0,50.1,60.0
S1674,88.0,80.0,85.0,70.0,2.0,63.6,76.0
S1675,77.0,60.0,82.5,60.0,2.0,71.6,46.0
S1676,93.0,95.0,82.5,80.0,3.0,64.6,76.0
S1677,94.0,97.5,85.0,90.0,3.0,72.2,81.0
S1678,60.0,57.5,40.0,50.0,2.0,82.6,31.0
S1679,83.0,82.5,67.5,70.0,2.0,64.5,54.0
S1680,74.0,75.0,77.5,70.0,3.0,74.8,62.0
S1681,84.0,82.5,75.0,90.0,3.0,80.6,62.0
S1682,73.0,85.0,70.0,90.0,2.0,56.6,62.0
S1683,66.0,80.0,52.5,50.0,3.0,61.6,40.0
S1684,85.0,90.0,65.0,70.0,2.0,69.0,60.0
S1685,88.0,57.5,67.5,60.0,3.0,83.6,53.0
S1686,86.0,85.0,77.5,80.0,3.0,62.5,62.0
S1687,100.0,100.0,100.0,100.0,3.0,86.0,86.0
S1688,91.0,70.0,77.5,60.0,3.0,56.1,59.0
S1689,82.0,72.5,87.5,70.0,3.0,36.7,61.0
S1690,77.0,70.0,67.5,60.0,2.0,68.6,55.0
S1691,81.0,72.5,85.0,70.0,3.0,54.2,61.0
S1692,81.0,75.0,72.5,60.0,2.0,57.1,54.0
S1693,89.0,82.5,80.0,70.0,4.0,64.4,73.0
S1694,82.0,72.5,80.0,80.0,4.0,71.3,69.0
S1695,87.0,95.0,72.5,80.0,3.0,57.3,65.0
S1696,88.0,77.5,95.0,80.0,4.0,63.0,75.0
S1697,86.0,85.0,82.5,80.0,3.0,90.8,67.0
S1698,81.0,80.0,72.5,80.0,3.0,65.6,48.0
S1699,88.0,67.5,90.0,80.0,3.0,62.5,63.0
S1700,94.0,82.5,85.0,60.0,3.0,44.3,65.0
S1701,68.0,77.5,67.5,70.0,3.0,66.4,48.0
S1702,99.0,82.5,87.5,80.0,3.0,69.1,75.0
S1703,78.0,85.0,77.5,80.0,2.0,60.5,56.0
S1704,73.0,65.0,72.5,70.0,3.0,51.2,53.0
S1705,91.0,92.5,72.5,80.0,2.0,82.5,66.0
S1706,87.0,80.0,97.5,80.0,3.0,98.0,75.0
S1707,86.0,87.5,72.5,70.0,3.0,72.9,60.0
S1708,90.0,70.0,82.5,70.0,2.0,84.3,67.0
S1709,90.0,77.5,75.0,80.0,2.0,66.1,60.0
S1710,89.0,75.0,82.5,80.0,4.0,52.3,68.0
S1711,85.0,100.0,85.0,80.0,2.0,79.6,76.0
S1712,60.0,70.0,65.0,50.0,3.0,62.8,40.0
S1713,90.0,92.5,92.5,90.0,3.0,46.4,83.0
S1714,89.0,87.5,82.5,70.0,3.0,76.9,64.0
S1715,80.0,70.0,90.0,80.0,2.0,59.2,59.0
S1716,80.0,80.0,85.0,80.0,3.0,50.2,62.0
S1717,89.0,95.0,77.5,80.0,3.0,54.5,74.0
S1718,81.0,85.0,92.5,80.0,2.0,77.6,73.0
S1719,74.0,75.0,72.5,60.0,3.0,76.9,58.0
S1720,74.0,77.5,77.5,70.0,2.0,74.7,49.0
S1721,87.0,70.0,75.0,60.0,2.0,85.1,54.0
S1722,87.0,65.0,92.5,80.0,2.0,61.8,60.0
S1723,95.0,92.5,67.5,90.0,4.0,53.1,68.0
S1724,77.0,75.0,70.0,70.0,3.0,62.2,47.0
S1725,92.0,65.0,82.5,60.0,3.0,58.9,59.0
S1726,84.0,72.5,67.5,70.0,3.0,58.0,53.0
S1727,76.0,62.5,67.5,70.0,2.0,61.9,47.0
S1728,87.0,100.0,97.5,90.0,2.0,48.8,76.0
S1729,89.0,100.0,100.0,80.0,3.0,60.2,80.0
S1730,98.0,85.0,92.5,80.0,3.0,58.5,77.0
S1731,76.0,57.5,72.5,60.0,2.0,59.4,39.0
S1732,72.0,70.0,60.0,60.0,3.0,76.2,45.0
S1733,92.0,72.5,70.0,60.0,2.0,69.8,61.0
S1734,80.0,80.0,75.0,80.0,3.0,69.1,58.0
S1735,86.0,62.5,92.5,70.0,4.0,79.0,63.0
S1736,82.0,80.0,75.0,70.0,3.0,70.3,64.0
S1737,86.0,80.0,70.0,70.0,2.0,68.9,62.0
S1738,75.0,80.0,70.0,70.0,2.0,57.8,60.0
S1739,100.0,97.5,85.0,90.0,3.0,56.7,84.0
S1740,82.0,70.0,100.0,70.0,3.0,68.8,68.0
S1741,83.0,100.0,90.0,80.0,2.0,82.2,72.0
S1742,77.0,67.5,72.5,70.0,2.0,50.2,52.0
S1743,85.0,77.5,95.0,90.0,3.0,49.3,67.0
S1744,88.0,87.5,82.5,70.0,4.0,70.2,72.0
S1745,87.0,82.5,85.0,90.0,3.0,81.3,75.0
S1746,83.0,85.0,70.0,60.0,2.0,65.5,55.0
S1747,78.0,82.5,55.0,70.0,3.0,75.4,59.0
S1748,88.0,75.0,92.5,80.0,3.0,83.2,65.0
S1749,82.0,70.0,70.0,60.0,3.0,56.5,53.0
S1750,74.0,52.5,87.5,70.0,2.0,68.7,49.0
S1751,78.0,60.0,75.0,60.0,3.0,50.3,52.0
S1752,81.0,80.0,90.0,70.0,2.0,73.6,74.0
S1753,81.0,72.5,70.0,70.0,3.0,86.3,59.0
S1754,63.0,55.0,67.5,60.0,2.0,50.1,44.0
S1755,88.0,80.0,97.5,90.0,3.0,76.0,78.0
S1756,86.0,87.5,85.0,80.0,3.0,76.6,67.0
S1757,80.0,75.0,77.5,60.0,2.0,69.6,50.0
S1758,87.0,85.0,60.0,80.0,2.0,50.9,65.0
S1759,85.0,80.0,75.0,80.0,3.0,77.5,60.0
S1760,82.0,80.0,80.0,80.0,3.0,72.1,62.0
S1761,82.0,90.0,95.0,90.0,3.0,59.7,81.0
S1762,81.0,65.0,87.5,60.0,3.0,44.6,54.0
S1763,87.0,97.5,72.5,80.0,3.0,62.9,73.0
S1764,84.0,62.5,77.5,80.0,3.0,68.8,60.0
S1765,91.0,67.5,90.0,70.0,3.0,50.0,58.0
S1766,84.0,90.0,85.0,90.0,2.0,73.9,66.0
S1767,81.0,62.5,65.0,60.0,3.0,76.9,53.0
S1768,89.0,97.5,85.0,80.0,2.0,70.6,68.0
S1769,84.0,82.5,87.5,70.0,3.0,63.0,64.0
S1770,81.0,75.0,90.0,80.0,3.0,91.8,63.0
S1771,78.0,67.5,75.0,60.0,3.0,62.6,63.0
S1772,93.0,100.0,67.5,80.0,4.0,37.9,73.0
S1773,91.0,72.5,87.5,80.0,2.0,59.9,62.0
S1774,86.0,100.0,82.5,80.0,3.0,75.8,72.0
S1775,78.0,70.0,80.0,70.0,3.0,63.2,59.0
S1776,100.0,100.0,100.0,90.0,4.0,81.4,87.0
S1777,97.0,100.0,75.0,90.0,4.0,54.5,75.0
S1778,94.0,80.0,92.5,70.0,2.0,62.7,61.0
S1779,88.0,97.5,90.0,70.0,3.0,87.5,76.0
S1780,83.0,85.0,75.0,60.0,3.0,71.5,59.0
S1781,91.0,90.0,87.5,80.0,3.0,47.0,78.0
S1782,87.0,85.0,87.5,80.0,2.0,62.5,73.0
S1783,87.0,52.5,100.0,80.0,3.0,56.5,62.0
S1784,82.0,75.0,85.0,80.0,3.0,80.8,52.0
S1785,85.0,60.0,67.5,50.0,2.0,68.1,51.0
S1786,80.0,70.0,52.5,60.0,3.0,62.9,48.0
S1787,92.0,80.0,97.5,80.0,3.0,62.9,76.0
S1788,83.0,57.5,85.0,70.0,3.0,58.9,55.0
S1789,100.0,95.0,65.0,70.0,3.0,57.5,70.0
S1790,81.0,75.0,62.5,70.0,3.0,69.3,64.0
S1791,86.0,80.0,92.5,70.0,2.0,81.8,65.0
S1792,99.0,75.0,90.0,70.0,3.0,87.4,73.0
S1793,78.0,57.5,87.5,80.0,3.0,67.9,63.0
S1794,94.0,100.0,60.0,70.0,3.0,68.0,68.0
S1795,77.0,90.0,77.5,80.0,3.0,61.4,67.0
S1796,86.0,95.0,72.5,80.0,3.0,72.1,76.0
S1797,84.0,90.0,87.5,80.0,3.0,76.9,75.0
S1798,84.0,95.0,65.0,80.0,2.0,64.4,57.0
S1799,97.0,100.0,90.0,90.0,3.0,72.5,81.0
S1800,96.0,70.0,85.0,70.0,3.0,69.0,76.0
S1801,91.0,70.0,87.5,70.0,3.0,59.2,69.0
S1802,84.0,87.5,95.0,90.0,3.0,76.4,73.0
S1803,72.0,77.5,85.0,80.0,2.0,74.8,61.0
S1804,91.0,85.0,75.0,70.0,3.0,80.2,69.0
S1805,85.0,82.5,70.0,80.0,3.0,72.9,59.0
S1806,79.0,85.0,70.0,80.0,2.0,59.3,54.0
S1807,87.0,67.5,57.5,60.0,3.0,86.2,55.0
S1808,87.0,77.5,100.0,70.0,4.0,54.8,78.0
S1809,84.0,70.0,100.0,70.0,2.0,71.6,60.0
S1810,89.0,95.0,90.0,90.0,3.0,64.2,76.0
S1811,100.0,90.0,95.0,80.0,3.0,76.9,77.0
S1812,82.0,82.5,72.5,60.0,3.0,72.2,68.0
S1813,94.0,85.0,77.5,80.0,2.0,85.9,66.0
S1814,100.0,97.5,87.5,90.0,3.0,69.9,83.0
S1815,89.0,100.0,80.0,80.0,3.0,79.3,75.0
S1816,87.0,85.0,85.0,80.0,4.0,45.1,72.0
S1817,94.0,70.0,85.0,80.0,2.0,46.2,62.0
S1818,86.0,65.0,90.0,70.0,3.0,65.8,62.0
S1819,88.0,70.0,82.5,70.0,4.0,54.9,65.0
S1820,74.0,80.0,60.0,60.0,3.0,57.2,57.0
S1821,84.0,77.5,80.0,80.0,3.0,84.1,71.0
S1822,97.0,82.5,77.5,80.0,4.0,60.4,68.0
S1823,86.0,77.5,77.5,80.0,4.0,59.5,67.0
S1824,100.0,97.5,97.5,90.0,3.0,78.1,86.0
S1825,86.0,80.0,85.0,70.0,2.0,50.7,59.0
S1826,92.0,92.5,85.0,90.0,2.0,35.0,75.0
S1827,79.0,80.0,77.5,70.0,3.0,53.4,62.0
S1828,84.0,80.0,92.5,80.0,3.0,58.1,70.0
S1829,82.0,85.0,72.5,70.0,3.0,64.6,66.0
S1830,86.0,80.0,82.5,70.0,3.0,65.8,67.0
S1831,91.0,87.5,85.0,80.0,3.0,70.3,77.0
S1832,81.0,75.0,80.0,80.0,3.0,95.1,64.0
S1833,76.0,65.0,65.0,60.0,3.0,52.1,50.0
S1834,85.0,67.5,57.5,50.0,2.0,51.7,42.0
S1835,91.0,82.5,75.0,80.0,4.0,83.5,70.0
S1836,97.0,97.5,77.5,80.0,3.0,73.3,78.0
S1837,76.0,57.5,65.0,50.0,3.0,54.8,42.0
S1838,70.0,77.5,92.5,90.0,2.0,70.9,65.0
S1839,81.0,80.0,72.5,60.0,2.0,78.8,60.0
S1840,96.0,100.0,92.5,80.0,3.0,56.2,84.0
S1841,76.0,72.5,72.5,70.0,3.0,53.5,49.0
S1842,81.0,82.5,80.0,80.0,3.0,62.3,52.0
S1843,98.0,80.0,100.0,80.0,4.0,68.7,83.0
S1844,83.0,85.0,82.5,90.0,2.0,64.9,69.0
S1845,85.0,87.5,77.5,80.0,3.0,68.3,68.0
S1846,87.0,100.0,72.5,80.0,2.0,63.7,63.0
S1847,91.0,85.0,82.5,80.0,3.0,55.3,74.0
S1848,84.0,75.0,100.0,80.0,3.0,83.7,67.0
S1849,70.0,70.0,72.5,70.0,3.0,60.3,61.0
S1850,84.0,80.0,80.0,80.0,2.0,69.7,61.0
S1851,88.0,82.5,67.5,70.0,3.0,71.2,62.0
S1852,62.0,55.0,55.0,50.0,3.0,87.3,36.0
S1853,95.0,85.0,100.0,90.0,3.0,87.6,63.0
S1854,83.0,90.0,70.0,80.0,2.0,71.3,67.0
S1855,72.0,65.0,70.0,70.0,2.0,55.8,42.0
S1856,81.0,77.5,92.5,70.0,3.0,66.5,57.0
S1857,99.0,100.0,92.5,90.0,3.0,66.2,81.0
S1858,91.0,85.0,85.0,70.0,3.0,72.5,60.0
S1859,86.0,67.5,85.0,80.0,3.0,71.6,66.0
S1860,84.0,95.0,85.0,70.0,3.0,46.9,71.0
S1861,67.0,55.0,67.5,50.0,3.0,62.9,41.0
S1862,85.0,70.0,85.0,70.0,2.0,55.9,47.0
S1863,93.0,92.5,97.5,90.0,2.0,52.6,79.0
S1864,78.0,65.0,65.0,50.0,1.0,54.4,48.0
S1865,90.0,72.5,87.5,80.0,4.0,69.0,71.0
S1866,79.0,67.5,80.0,70.0,3.0,81.6,62.0
S1867,90.0,90.0,80.0,60.0,3.0,81.8,69.0
S1868,74.0,72.5,65.0,60.0,2.0,62.2,42.0
S1869,88.0,80.0,77.5,70.0,3.0,55.3,64.0
S1870,74.0,92.5,67.5,80.0,2.0,63.9,59.0
S1871,72.0,77.5,72.5,80.0,2.0,47.8,53.0
S1872,81.0,75.0,82.5,70.0,3.0,64.9,58.0
S1873,83.0,70.0,82.5,80.0,3.0,50.4,61.0
S1874,86.0,82.5,95.0,70.0,4.0,72.3,82.0
S1875,77.0,77.5,80.0,80.0,2.0,82.5,62.0
S1876,81.0,62.5,92.5,90.0,3.0,78.3,72.0
S1877,84.0,92.5,72.5,70.0,3.0,72.7,56.0
S1878,94.0,90.0,87.5,80.0,2.0,72.3,68.0
S1879,94.0,90.0,90.0,80.0,3.0,72.8,81.0
S1880,86.0,87.5,95.0,80.0,2.0,54.7,73.0
S1881,97.0,90.0,95.0,80.0,2.0,67.0,79.0
S1882,84.0,67.5,57.5,70.0,2.0,65.1,51.0
S1883,100.0,100.0,95.0,80.0,4.0,62.7,88.0
S1884,96.0,100.0,82.5,90.0,3.0,72.2,71.0
S1885,82.0,70.0,50.0,50.0,2.0,65.9,46.0
S1886,80.0,75.0,72.5,70.0,3.0,65.0,62.0
S1887,83.0,65.0,72.5,60.0,3.0,56.2,51.0
S1888,94.0,100.0,82.5,80.0,3.0,71.3,77.0
S1889,79.0,72.5,82.5,80.0,2.0,65.0,52.0
S1890,90.0,90.0,97.5,90.0,3.0,71.3,73.0
S1891,87.0,77.5,75.0,80.0,4.0,68.0,73.0
S1892,96.0,95.0,85.0,80.0,3.0,70.6,74.0
S1893,77.0,77.5,72.5,60.0,3.0,58.7,57.0
S1894,82.0,92.5,82.5,90.0,3.0,64.9,65.0
S1895,79.0,62.5,77.5,70.0,3.0,67.1,48.0
S1896,94.0,75.0,80.0,70.0,2.0,62.6,65.0
S1897,100.0,97.5,95.0,80.0,4.0,70.2,82.0
S1898,90.0,82.5,95.0,80.0,2.0,67.0,73.0
S1899,92.0,82.5,75.0,70.0,3.0,82.5,60.0
S1900,80.0,70.0,80.0,80.0,3.0,68.0,62.0
S1901,95.0,90.0,75.0,80.0,3.0,70.5,76.0
S1902,78.0,67.5,82.5,70.0,2.0,72.8,51.0
S1903,85.0,70.0,95.0,80.0,3.0,49.5,68.0
S1904,80.0,75.0,87.5,70.0,3.0,85.0,63.0
S1905,83.0,52.5,72.5,60.0,2.0,58.8,54.0
S1906,89.0,72.5,87.5,70.0,3.0,72.9,78.0
S1907,96.0,92.5,77.5,70.0,4.0,73.8,71.0
S1908,76.0,80.0,87.5,90.0,2.0,91.3,69.0
S1909,79.0,72.5,92.5,80.0,3.0,76.5,61.0
S1910,87.0,77.5,72.5,70.0,2.0,58.9,53.0
S1911,84.0,70.0,80.0,80.0,3.0,73.4,67.0
S1912,88.0,85.0,82.5,80.0,2.0,43.7,69.0
S1913,79.0,72.5,87.5,80.0,3.0,81.7,59.0
S1914,81.0,62.5,65.0,60.0,3.0,57.1,48.0
S1915,77.0,85.0,87.5,90.0,4.0,63.1,72.0
S1916,89.0,97.5,85.0,80.0,3.0,47.8,80.0
S1917,81.0,92.5,90.0,100.0,3.0,71.3,76.0
S1918,90.0,92.5,72.5,80.0,4.0,81.7,72.0
S1919,91.0,85.0,80.0,80.0,3.0,75.1,71.0
S1920,87.0,85.0,77.5,70.0,3.0,67.6,63.0
S1921,95.0,77.5,77.5,70.0,3.0,71.4,63.0
S1922,91.0,62.5,85.0,60.0,4.0,57.9,69.0
S1923,96.0,80.0,100.0,90.0,4.0,69.7,74.0
S1924,79.0,47.5,75.0,70.0,2.0,56.0,43.0
S1925,93.0,85.0,72.5,80.0,2.0,67.3,69.0
S1926,88.0,82.5,90.0,80.0,2.0,44.0,66.0
S1927,84.0,97.5,97.5,90.0,4.0,73.6,77.0
S1928,99.0,90.0,95.0,90.0,3.0,87.0,87.0
S1929,79.0,57.5,77.5,70.0,3.0,65.9,57.0
S1930,85.0,75.0,80.0,70.0,3.0,54.0,63.0
S1931,87.0,80.0,52.5,60.0,2.0,90.0,55.0
S1932,83.0,87.5,82.5,80.0,3.0,58.9,66.0
S1933,92.0,90.0,75.0,80.0,3.0,73.7,72.0
S1934,98.0,100.0,90.0,80.0,4.0,74.5,90.0
S1935,94.0,90.0,75.0,70.0,3.0,58.7,68.0
S1936,76.0,77.5,75.0,80.0,4.0,70.1,56.0
S1937,79.0,65.0,67.5,60.0,3.0,54.9,44.0
S1938,93.0,87.5,100.0,80.0,3.0,85.2,75.0
S1939,78.0,80.0,80.0,70.0,3.0,61.5,65.0
S1940,84.0,87.5,77.5,80.0,2.0,67.5,62.0
S1941,77.0,65.0,60.0,70.0,2.0,55.4,45.0
S1942,69.0,77.5,70.0,70.0,3.0,61.9,54.0
S1943,71.0,77.5,82.5,80.0,3.0,54.3,59.0
S1944,79.0,75.0,85.0,70.0,3.0,59.9,65.0
S1945,90.0,80.0,67.5,70.0,2.0,68.3,54.0
S1946,86.0,82.5,75.0,80.0,3.0,51.7,68.0
S1947,87.0,77.5,82.5,90.0,3.0,81.2,68.0
S1948,88.0,87.5,87.5,90.0,3.0,85.9,76.0
S1949,84.0,72.5,82.5,80.0,2.0,57.3,66.0
S1950,94.0,77.5,100.0,80.0,3.0,53.9,70.0
S1951,86.0,65.0,87.5,60.0,3.0,68.9,58.0
S1952,86.0,95.0,82.5,80.0,4.0,80.7,83.0
S1953,98.0,87.5,82.5,80.0,3.0,62.1,77.0
S1954,82.0,87.5,77.5,70.0,3.0,71.9,71.0
S1955,87.0,57.5,87.5,70.0,3.0,69.6,56.0
S1956,87.0,85.0,85.0,80.0,2.0,57.0,63.0
S1957,96.0,85.0,65.0,80.0,3.0,72.6,65.0
S1958,94.0,85.0,80.0,60.0,3.0,61.6,75.0
S1959,76.0,100.0,52.5,70.0,3.0,53.4,55.0
S1960,78.0,45.0,75.0,60.0,3.0,69.2,49.0
S1961,86.0,100.0,87.5,70.0,3.0,80.3,73.0
S1962,86.0,90.0,52.5,70.0,2.0,72.5,61.0
S1963,100.0,72.5,100.0,80.0,2.0,61.1,82.0
S1964,90.0,95.0,100.0,80.0,3.0,73.4,82.0
S1965,85.0,87.5,85.0,80.0,3.0,82.6,68.0
S1966,90.0,87.5,90.0,70.0,4.0,55.5,78.0
S1967,74.0,65.0,75.0,60.0,2.0,74.8,50.0
S1968,88.0,70.0,80.0,60.0,3.0,75.1,53.0
S1969,90.0,75.0,87.5,70.0,3.0,72.6,68.0
S1970,68.0,62.5,70.0,60.0,2.0,62.3,45.0
S1971,78.0,90.0,65.0,70.0,3.0,77.2,60.0
S1972,84.0,75.0,90.0,80.0,3.0,50.8,67.0
S1973,77.0,80.0,65.0,60.0,2.0,71.7,52.0
S1974,84.0,97.5,72.5,80.0,2.0,85.4,64.0
S1975,85.0,80.0,95.0,100.0,3.0,77.4,68.0
S1976,74.0,72.5,77.5,80.0,2.0,69.0,56.0
S1977,85.0,85.0,62.5,60.0,2.0,53.4,60.0
S1978,89.0,90.0,87.5,90.0,3.0,66.1,69.0
S1979,97.0,87.5,100.0,80.0,2.0,95.3,71.0
S1980,73.0,82.5,75.0,70.0,3.0,62.8,58.0
S1981,77.0,77.5,90.0,80.0,2.0,53.1,63.0
S1982,89.0,80.0,85.0,70.0,3.0,64.0,59.0
S1983,100.0,82.5,85.0,80.0,3.0,76.1,70.0
S1984,81.0,90.0,87.5,90.0,2.0,68.3,79.0
S1985,86.0,82.5,85.0,80.0,4.0,78.4,74.0
S1986,81.0,80.0,82.5,80.0,3.0,70.7,62.0
S1987,68.0,65.0,62.5,50.0,2.0,87.8,46.0
S1988,77.0,72.5,90.0,70.0,4.0,83.6,63.0
S1989,91.0,72.5,100.0,80.0,2.0,79.1,71.0
S1990,83.0,75.0,60.0,70.0,3.0,80.1,54.0
S1991,82.0,87.5,72.5,80.0,3.0,75.7,71.0
S1992,84.0,72.5,70.0,70.0,3.0,50.4,65.0
S1993,81.0,75.0,70.0,60.0,1.0,71.7,52.0
S1994,72.0,57.5,70.0,70.0,2.0,56.9,41.0
S1995,75.0,75.0,67.5,70.0,2.0,70.1,51.0
S1996,83.0,80.0,95.0,80.0,3.0,71.5,66.0
S1997,82.0,80.0,77.5,80.0,3.0,70.4,71.0
S1998,72.0,67.5,57.5,60.0,2.0,76.2,43.0
S1999,90.0,75.0,82.5,70.0,3.0,46.3,70.0
S2000,92.0,92.5,82.5,80.0,2.0,69.1,70.0
S2001,92.0,87.5,80.0,80.0,3.0,70.8,77.0
S2002,86.0,82.5,87.5,90.0,2.0,82.4,66.0
S2003,94.0,100.0,100.0,100.0,3.0,78.7,84.0
S2004,82.0,52.5,65.0,60.0,2.0,63.1,44.0
S2005,75.0,70.0,75.0,80.0,3.0,60.4,55.0
S2006,77.0,92.5,92.5,90.0,3.0,58.3,66.0
S2007,100.0,100.0,100.0,80.0,3.0,81.0,100.0
S2008,81.0,77.5,80.0,80.0,3.0,43.4,59.0
S2009,76.0,72.5,85.0,80.0,3.0,35.0,61.0
S2010,85.0,70.0,82.5,80.0,3.0,85.6,67.0
S2011,94.0,82.5,82.5,90.0,3.0,73.0,70.0
S2012,89.0,100.0,72.5,80.0,3.0,60.2,68.0
S2013,85.0,77.5,82.5,60.0,3.0,81.7,67.0
S2014,92.0,85.0,67.5,60.0,2.0,64.6,58.0
S2015,85.0,75.0,87.5,80.0,3.0,69.7,67.0
S2016,76.0,65.0,52.5,70.0,2.0,68.9,48.0
S2017,78.0,90.0,70.0,80.0,3.0,56.0,63.0
S2018,91.0,77.5,87.5,70.0,3.0,49.2,71.0
S2019,74.0,95.0,70.0,80.0,4.0,55.7,65.0
S2020,81.0,62.5,75.0,70.0,3.0,46.6,58.0
S2021,90.0,75.0,97.5,80.0,3.0,55.3,72.0
S2022,80.0,80.0,87.5,80.0,2.0,50.0,53.0
S2023,94.0,95.0,80.0,80.0,3.0,79.1,73.0
S2024,80.0,72.5,80.0,50.0,3.0,78.6,50.0
S2025,79.0,75.0,65.0,70.0,3.0,69.3,53.0
S2026,96.0,92.5,80.0,80.0,2.0,55.6,76.0
S2027,74.0,75.0,67.5,70.0,2.0,66.7,43.0
S2028,65.0,57.5,62.5,60.0,2.0,67.7,38.0
S2029,78.0,85.0,82.5,70.0,3.0,74.7,70.0
S2030,85.0,82.5,85.0,80.0,4.0,80.3,72.0
S2031,85.0,67.5,70.0,60.0,2.0,69.8,53.0
S2032,92.0,85.0,95.0,80.0,2.0,76.7,74.0
S2033,85.0,87.5,100.0,90.0,4.0,65.8,86.0
S2034,76.0,67.5,80.0,70.0,3.0,48.4,57.0
S2035,82.0,70.0,100.0,70.0,3.0,73.9,69.0
S2036,77.0,87.5,67.5,70.0,3.0,69.3,67.0
S2037,79.0,92.5,75.0,80.0,3.0,72.5,67.0
S2038,91.0,97.5,77.5,80.0,3.0,57.2,82.0
S2039,85.0,80.0,70.0,70.0,3.0,43.0,58.0
S2040,86.0,82.5,97.5,80.0,3.0,55.0,77.0
S2041,98.0,100.0,75.0,70.0,3.0,55.6,73.0
S2042,87.0,77.5,82.5,80.0,3.0,95.5,64.0
S2043,76.0,52.5,72.5,50.0,3.0,81.9,41.0
S2044,79.0,97.5,72.5,80.0,3.0,70.4,63.0
S2045,85.0,75.0,80.0,70.0,4.0,64.7,62.0
S2046,73.0,72.5,70.0,60.0,2.0,83.7,50.0
S2047,94.0,85.0,82.5,60.0,3.0,73.8,70.0
S2048,79.0,77.5,67.5,80.0,3.0,45.8,68.0
S2049,75.0,70.0,65.0,50.0,3.0,56.0,51.0
S2050,86.0,97.5,65.0,70.0,3.0,72.1,63.0
S2051,99.0,82.5,82.5,70.0,2.0,66.0,69.0
S2052,89.0,77.5,95.0,90.0,2.0,63.6,69.0
S2053,94.0,92.5,87.5,80.0,3.0,98.0,82.0
S2054,86.0,75.0,75.0,80.0,3.0,56.3,58.0
S2055,82.0,87.5,72.5,70.0,3.0,70.2,66.0
S2056,84.0,55.0,85.0,60.0,3.0,66.9,52.0
S2057,87.0,97.5,70.0,80.0,3.0,48.4,82.0
S2058,90.0,90.0,87.5,80.0,3.0,89.2,76.0
S2059,77.0,62.5,70.0,60.0,2.0,49.7,42.0
S2060,80.0,85.0,82.5,70.0,3.0,67.3,63.0
S2061,93.0,87.5,90.0,90.0,3.0,55.1,81.0
S2062,99.0,90.0,100.0,90.0,2.0,74.5,85.0
S2063,99.0,100.0,100.0,90.0,4.0,59.6,94.0
S2064,100.0,80.0,87.5,80.0,3.0,74.8,75.0
S2065,96.0,80.0,100.0,80.0,3.0,63.0,76.0
S2066,68.0,55.0,65.0,50.0,1.0,58.6,39.0
S2067,94.0,75.0,100.0,70.0,3.0,71.8,68.0
S2068,78.0,85.0,75.0,70.0,3.0,51.4,65.0
S2069,90.0,67.5,52.5,60.0,3.0,78.0,51.0
S2070,77.0,75.0,82.5,70.0,3.0,54.1,60.0
S2071,88.0,60.0,92.5,60.0,2.0,71.4,56.0
S2072,89.0,92.5,97.5,100.0,3.0,64.4,89.0
S2073,91.0,75.0,90.0,90.0,3.0,58.5,73.0
S2074,74.0,62.5,70.0,60.0,3.0,42.6,38.0
S2075,90.0,97.5,82.5,80.0,3.0,69.5,71.0
S2076,89.0,90.0,97.5,90.0,3.0,53.8,85.0
S2077,78.0,72.5,57.5,70.0,2.0,56.2,53.0
S2078,100.0,80.0,92.5,70.0,3.0,42.7,78.0
S2079,88.0,87.5,90.0,80.0,4.0,72.3,83.0
S2080,80.0,87.5,82.5,60.0,4.0,67.4,58.0
S2081,83.0,62.5,72.5,60.0,3.0,46.9,58.0
S2082,91.0,92.5,100.0,100.0,4.0,52.0,86.0
S2083,76.0,80.0,57.5,60.0,2.0,49.9,49.0
S2084,74.0,90.0,72.5,70.0,2.0,89.6,54.0
S2085,88.0,75.0,82.5,70.0,3.0,58.7,67.0
S2086,76.0,75.0,75.0,70.0,3.0,76.1,48.0
S2087,100.0,92.5,100.0,100.0,3.0,84.5,86.0
S2088,92.0,75.0,72.5,90.0,3.0,57.3,65.0
S2089,93.0,80.0,87.5,60.0,2.0,73.4,66.0
S2090,94.0,90.0,95.0,70.0,3.0,56.3,79.0
S2091,86.0,80.0,80.0,70.0,2.0,67.2,61.0
S2092,78.0,72.5,85.0,80.0,3.0,67.3,64.0
S2093,80.0,85.0,62.5,60.0,3.0,83.5,56.0
S2094,92.0,90.0,82.5,70.0,3.0,67.1,72.0
S2095,80.0,62.5,97.5,70.0,3.0,98.0,61.0
S2096,75.0,70.0,60.0,50.0,2.0,75.8,37.0
S2097,92.0,100.0,100.0,80.0,2.0,56.4,75.0
S2098,98.0,97.5,82.5,70.0,3.0,69.6,78.0
S2099,75.0,67.5,62.5,60.0,4.0,59.3,45.0
S2100,90.0,80.0,80.0,70.0,3.0,65.6,63.0
S2101,87.0,72.5,65.0,70.0,3.0,67.5,50.0
S2102,91.0,92.5,72.5,70.0,3.0,75.1,71.0
S2103,87.0,90.0,75.0,90.0,3.0,49.3,70.0
S2104,89.0,85.0,97.5,90.0,3.0,58.9,73.0
S2105,87.0,80.0,80.0,80.0,2.0,86.7,64.0
S2106,95.0,95.0,100.0,100.0,3.0,56.8,81.0
S2107,89.0,72.5,95.0,90.0,3.0,69.8,75.0
S2108,82.0,82.5,62.5,60.0,4.0,82.2,59.0
S2109,69.0,67.5,62.5,60.0,2.0,78.9,42.0
S2110,88.0,90.0,85.0,80.0,3.0,82.4,76.0
S2111,81.0,60.0,75.0,60.0,3.0,77.7,54.0
S2112,78.0,82.5,75.0,70.0,3.0,62.7,66.0
S2113,80.0,80.0,72.5,80.0,3.0,67.3,53.0
S2114,89.0,80.0,97.5,80.0,3.0,76.4,72.0
S2115,98.0,92.5,82.5,80.0,4.0,66.1,74.0
S2116,97.0,75.0,80.0,80.0,3.0,57.1,63.0
S2117,99.0,92.5,100.0,80.0,3.0,60.4,79.0
S2118,88.0,100.0,85.0,80.0,3.0,80.4,68.0
S2119,81.0,87.5,70.0,80.0,2.0,66.4,58.0
S2120,82.0,77.5,82.5,70.0,3.0,88.5,66.0
S2121,83.0,72.5,80.0,60.0,3.0,76.8,55.0
S2122,90.0,72.5,85.0,80.0,2.0,60.3,66.0
S2123,84.0,92.5,80.0,80.0,2.0,54.4,61.0
S2124,85.0,67.5,100.0,70.0,3.0,59.3,66.0
S2125,87.0,80.0,97.5,80.0,3.0,58.8,70.0
S2126,85.0,82.5,87.5,90.0,4.0,57.7,81.0
S2127,71.0,55.0,82.5,70.0,2.0,44.6,40.0
S2128,89.0,95.0,77.5,70.0,3.0,53.7,61.0
S2129,92.0,90.0,77.5,80.0,3.0,64.4,65.0
S2130,89.0,82.5,97.5,80.0,3.0,60.6,70.0
S2131,86.0,67.5,55.0,70.0,2.0,43.7,51.0
S2132,71.0,70.0,65.0,60.0,3.0,78.3,49.0
S2133,100.0,92.5,87.5,90.0,3.0,58.1,79.0
S2134,76.0,82.5,75.0,60.0,2.0,65.5,55.0
S2135,81.0,97.5,72.5,80.0,3.0,64.9,72.0
S2136,82.0,67.5,97.5,70.0,4.0,51.6,77.0
S2137,95.0,85.0,85.0,80.0,4.0,80.6,76.0
S2138,85.0,80.0,97.5,80.0,2.0,67.2,66.0
S2139,84.0,75.0,52.5,70.0,2.0,66.7,53.0
S2140,83.0,80.0,85.0,80.0,3.0,73.5,63.0
S2141,83.0,70.0,67.5,60.0,3.0,57.2,55.0
S2142,88.0,90.0,75.0,80.0,3.0,75.0,60.0
S2143,86.0,92.5,72.5,80.0,3.0,70.2,69.0
S2144,85.0,82.5,60.0,80.0,3.0,59.5,67.0
S2145,97.0,85.0,100.0,80.0,4.0,79.9,86.0
S2146,84.0,77.5,97.5,80.0,3.0,77.9,69.0
S2147,100.0,82.5,75.0,80.0,3.0,83.4,68.0
S2148,78.0,72.5,90.0,80.0,3.0,51.4,68.0
S2149,78.0,77.5,87.5,90.0,3.0,82.2,66.0
S2150,100.0,100.0,97.5,90.0,3.0,41.9,89.0
S2151,85.0,75.0,70.0,70.0,3.0,84.7,63.0
S2152,93.0,77.5,87.5,80.0,3.0,71.5,68.0
S2153,76.0,85.0,92.5,80.0,3.0,65.2,65.0
S2154,86.0,82.5,85.0,80.0,2.0,59.5,60.0
S2155,83.0,100.0,75.0,80.0,3.0,46.8,69.0
S2156,84.0,80.0,80.0,80.0,3.0,55.5,72.0
S2157,93.0,100.0,87.5,80.0,2.0,64.7,76.0
S2158,85.0,97.5,75.0,80.0,3.0,65.2,61.0
S2159,86.0,80.0,77.5,80.0,3.0,76.4,68.0
S2160,92.0,75.0,87.5,70.0,3.0,61.9,76.0
S2161,86.0,85.0,100.0,90.0,2.0,79.7,78.0
S2162,100.0,100.0,92.5,80.0,4.0,77.2,82.0
S2163,92.0,92.5,77.5,80.0,2.0,75.6,67.0
S2164,84.0,70.0,77.5,70.0,2.0,62.2,53.0
S2165,93.0,80.0,100.0,90.0,3.0,81.5,75.0
S2166,93.0,77.5,77.5,70.0,3.0,52.4,67.0
S2167,84.0,90.0,80.0,80.0,2.0,42.7,69.0
S2168,85.0,67.5,80.0,70.0,3.0,62.8,65.0
S2169,94.0,92.5,90.0,80.0,3.0,61.5,74.0
S2170,84.0,67.5,72.5,60.0,2.0,67.3,53.0
S2171,76.0,70.0,65.0,60.0,2.0,72.6,48.0
S2172,85.0,67.5,80.0,70.0,2.0,72.8,52.0
S2173,81.0,70.0,77.5,70.0,3.0,56.8,60.0
S2174,95.0,85.0,100.0,70.0,4.0,64.3,81.0
S2175,93.0,82.5,92.5,70.0,3.0,55.3,76.0
S2176,88.0,100.0,100.0,100.0,3.0,85.1,90.0
S2177,73.0,57.5,65.0,60.0,2.0,70.6,41.0
S2178,82.0,87.5,82.5,90.0,3.0,76.4,72.0
S2179,86.0,90.0,87.5,70.0,3.0,72.2,66.0
S2180,83.0,92.5,95.0,80.0,4.0,55.8,82.0
S2181,86.0,80.0,72.5,60.0,2.0,52.1,59.0
S2182,73.0,75.0,57.5,70.0,3.0,54.5,49.0
S2183,100.0,100.0,70.0,70.0,3.0,84.8,83.0
S2184,95.0,90.0,100.0,100.0,3.0,64.4,81.0
S2185,84.0,77.5,75.0,60.0,3.0,57.3,66.0
S2186,100.0,92.5,95.0,70.0,3.0,84.3,75.0
S2187,78.0,80.0,85.0,80.0,3.0,87.6,65.0
S2188,90.0,90.0,72.5,80.0,2.0,45.9,69.0
S2189,83.0,90.0,55.0,80.0,3.0,76.7,51.0
S2190,97.0,85.0,85.0,80.0,3.0,53.4,71.0
S2191,91.0,85.0,70.0,90.0,2.0,72.1,65.0
S2192,97.0,100.0,82.5,90.0,2.0,71.7,70.0
S2193,87.0,62.5,100.0,70.0,3.0,59.7,66.0
S2194,68.0,52.5,65.0,50.0,1.0,66.7,26.0
S2195,85.0,82.5,87.5,90.0,3.0,93.0,72.0
S2196,87.0,92.5,82.5,80.0,4.0,59.9,76.0
S2197,81.0,80.0,87.5,80.0,3.0,68.3,72.0
S2198,78.0,90.0,82.5,90.0,3.0,80.3,54.0
S2199,95.0,85.0,85.0,80.0,2.0,68.8,68.0
S2200,94.0,80.0,97.5,80.0,3.0,54.7,74.0
S2201,77.0,70.0,65.0,70.0,3.0,54.0,43.0
S2202,73.0,75.0,70.0,60.0,3.0,79.1,54.0
S2203,91.0,90.0,92.5,80.0,3.0,78.3,68.0
S2204,82.0,65.0,70.0,50.0,2.0,98.0,43.0
S2205,70.0,47.5,52.5,60.0,2.0,48.4,32.0
S2206,73.0,75.0,87.5,70.0,3.0,72.4,60.0
S2207,85.0,97.5,60.0,80.0,3.0,60.9,66.0
S2208,93.0,87.5,80.0,90.0,3.0,86.0,72.0
S2209,73.0,82.5,87.5,70.0,3.0,56.7,61.0
S2210,86.0,80.0,67.5,60.0,2.0,54.7,56.0
S2211,100.0,82.5,97.5,80.0,3.0,66.8,77.0
S2212,69.0,82.5,65.0,80.0,3.0,54.0,62.0
S2213,75.0,72.5,65.0,60.0,2.0,79.2,48.0
S2214,78.0,65.0,67.5,60.0,3.0,62.5,51.0
S2215,75.0,65.0,77.5,70.0,2.0,63.0,46.0
S2216,100.0,100.0,90.0,80.0,3.0,87.4,91.0
S2217,83.0,67.5,85.0,70.0,2.0,67.9,58.0
S2218,84.0,67.5,85.0,80.0,2.0,62.1,58.0
S2219,86.0,72.5,87.5,80.0,3.0,62.8,67.0
S2220,60.0,57.5,85.0,80.0,2.0,79.6,48.0
S2221,77.0,67.5,70.0,80.0,3.0,77.1,50.0
S2222,97.0,100.0,87.5,90.0,3.0,77.5,78.0
S2223,94.0,92.5,85.0,80.0,3.0,75.7,73.0
S2224,82.0,62.5,72.5,60.0,3.0,58.8,52.0
S2225,77.0,52.5,77.5,80.0,3.0,72.3,59.0
S2226,81.0,92.5,82.5,80.0,3.0,54.0,68.0
S2227,93.0,70.0,77.5,60.0,3.0,75.5,62.0
S2228,87.0,60.0,87.5,70.0,3.0,80.0,56.0
S2229,93.0,85.0,87.5,80.0,3.0,79.6,77.0
S2230,77.0,77.5,97.5,70.0,3.0,88.8,62.0
S2231,84.0,65.0,70.0,60.0,2.0,74.8,59.0
S2232,97.0,92.5,87.5,90.0,3.0,79.6,82.0
S2233,78.0,67.5,95.0,80.0,1.0,91.6,56.0
S2234,72.0,70.0,80.0,70.0,3.0,98.0,55.0
S2235,95.0,95.0,95.0,80.0,3.0,81.8,84.0
S2236,86.0,87.5,77.5,80.0,3.0,63.7,66.0
S2237,87.0,77.5,80.0,80.0,3.0,76.3,70.0
S2238,75.0,72.5,70.0,60.0,2.0,68.6,47.0
S2239,78.0,80.0,65.0,60.0,3.0,75.3,55.0
S2240,83.0,92.5,75.0,70.0,3.0,75.0,64.0
S2241,76.0,75.0,82.5,80.0,3.0,57.9,61.0
S2242,95.0,100.0,92.5,90.0,3.0,88.0,76.0
S2243,99.0,82.5,92.5,90.0,3.0,56.6,76.0
S2244,91.0,95.0,80.0,80.0,2.0,60.0,66.0
S2245,79.0,80.0,90.0,80.0,3.0,44.7,66.0
S2246,88.0,100.0,85.0,90.0,3.0,85.1,82.0
S2247,73.0,67.5,82.5,60.0,3.0,62.4,51.0
S2248,91.0,70.0,72.5,70.0,3.0,68.8,62.0
S2249,88.0,85.0,72.5,60.0,2.0,66.5,65.0
S2250,82.0,72.5,70.0,70.0,2.0,83.4,51.0
S2251,90.0,90.0,85.0,70.0,3.0,68.0,69.0
S2252,81.0,62.5,82.5,60.0,3.0,56.0,60.0
S2253,87.0,80.0,82.5,80.0,2.0,76.6,64.0
S2254,100.0,90.0,92.5,70.0,4.0,59.4,88.0
S2255,99.0,97.5,85.0,80.0,4.0,87.9,93.0
S2256,85.0,87.5,60.0,70.0,2.0,62.7,59.0
S2257,81.0,72.5,80.0,80.0,2.0,68.2,59.0
S2258,84.0,75.0,90.0,70.0,3.0,54.8,66.0
S2259,80.0,70.0,77.5,70.0,2.0,55.6,58.0
S2260,83.0,82.5,80.0,80.0,3.0,66.9,78.0
S2261,76.0,77.5,62.5,70.0,2.0,56.3,49.0
S2262,87.0,75.0,62.5,60.0,3.0,60.7,54.0
S2263,88.0,80.0,87.5,70.0,4.0,60.7,75.0
S2264,75.0,80.0,95.0,70.0,3.0,68.0,63.0
S2265,87.0,75.0,95.0,80.0,3.0,61.3,67.0
S2266,85.0,70.0,100.0,70.0,4.0,58.6,74.0
S2267,86.0,85.0,82.5,80.0,2.0,75.4,73.0
S2268,88.0,75.0,100.0,80.0,3.0,77.0,86.0
S2269,89.0,82.5,77.5,80.0,2.0,68.1,55.0
S2270,94.0,85.0,100.0,90.0,4.0,63.2,81.0
S2271,97.0,70.0,100.0,70.0,4.0,66.5,77.0
S2272,93.0,87.5,87.5,80.0,4.0,69.9,74.0
S2273,84.0,87.5,100.0,90.0,3.0,74.3,82.0
S2274,81.0,62.5,90.0,70.0,2.0,49.3,61.0
S2275,88.0,70.0,77.5,80.0,3.0,59.7,64.0
S2276,89.0,75.0,77.5,70.0,2.0,73.1,68.0
S2277,84.0,70.0,72.5,80.0,3.0,77.3,66.0
S2278,99.0,82.5,90.0,90.0,3.0,70.9,71.0
S2279,84.0,75.0,70.0,60.0,3.0,73.8,62.0
S2280,91.0,95.0,90.0,90.0,3.0,97.1,80.0
S2281,87.0,82.5,72.5,70.0,3.0,64.8,63.0
S2282,84.0,67.5,80.0,60.0,2.0,62.0,53.0
S2283,78.0,75.0,82.5,80.0,2.0,75.6,62.0
S2284,81.0,80.0,80.0,70.0,3.0,64.6,62.0
S2285,95.0,85.0,90.0,80.0,3.0,76.5,68.0
S2286,72.0,70.0,62.5,50.0,3.0,47.2,43.0
S2287,87.0,77.5,100.0,70.0,2.0,63.2,69.0
S2288,86.0,85.0,77.5,80.0,3.0,51.0,67.0
S2289,70.0,57.5,60.0,60.0,3.0,85.1,37.0
S2290,77.0,57.5,77.5,60.0,3.0,70.2,45.0
S2291,91.0,82.5,80.0,90.0,3.0,65.8,70.0
S2292,86.0,77.5,90.0,70.0,3.0,74.0,69.0
S2293,93.0,72.5,97.5,80.0,2.0,88.7,74.0
S2294,80.0,70.0,87.5,60.0,3.0,66.4,68.0
S2295,89.0,82.5,100.0,80.0,5.0,52.1,85.0
S2296,83.0,92.5,82.5,80.0,3.0,95.2,71.0
S2297,75.0,70.0,65.0,70.0,3.0,85.9,54.0
S2298,72.0,77.5,72.5,60.0,3.0,66.5,54.0
S2299,90.0,97.5,87.5,90.0,3.0,70.9,75.0
S2300,75.0,82.5,67.5,60.0,2.0,88.1,58.0
S2301,79.0,72.5,77.5,60.0,3.0,83.8,56.0
S2302,86.0,92.5,57.5,70.0,2.0,98.0,53.0
S2303,69.0,75.0,62.5,70.0,2.0,58.9,50.0
S2304,73.0,80.0,72.5,80.0,3.0,55.4,48.0
S2305,75.0,70.0,57.5,70.0,4.0,62.2,50.0
S2306,84.0,90.0,67.5,80.0,2.0,72.2,63.0
S2307,96.0,92.5,85.0,90.0,3.0,65.1,76.0
S2308,88.0,90.0,80.0,70.0,2.0,62.2,67.0
S2309,87.0,75.0,97.5,80.0,3.0,76.4,77.0
S2310,89.0,72.5,90.0,80.0,3.0,64.3,66.0
S2311,100.0,100.0,80.0,100.0,4.0,60.2,84.0
S2312,75.0,67.5,70.0,60.0,2.0,78.1,49.0
S2313,90.0,87.5,85.0,80.0,4.0,78.2,78.0
S2314,86.0,100.0,95.0,90.0,3.0,57.4,80.0
S2315,93.0,90.0,90.0,90.0,3.0,78.3,83.0
S2316,92.0,95.0,80.0,80.0,3.0,78.0,74.0
S2317,94.0,97.5,100.0,90.0,2.0,73.9,81.0
S2318,86.0,82.5,80.0,70.0,3.0,58.0,67.0
S2319,85.0,92.5,72.5,70.0,3.0,66.9,75.0
S2320,85.0,87.5,87.5,70.0,3.0,65.6,69.0
S2321,92.0,95.0,87.5,80.0,4.0,66.7,80.0
S2322,79.0,85.0,82.5,80.0,3.0,73.0,65.0
S2323,87.0,75.0,87.5,90.0,3.0,51.0,64.0
S2324,82.0,85.0,85.0,70.0,3.0,60.4,69.0
S2325,85.0,65.0,92.5,60.0,3.0,69.0,51.0
S2326,85.0,90.0,65.0,60.0,3.0,70.1,60.0
S2327,90.0,87.5,92.5,80.0,3.0,78.1,78.0
S2328,82.0,65.0,67.5,70.0,3.0,85.1,49.0
S2329,82.0,80.0,75.0,80.0,4.0,70.5,69.0
S2330,90.0,82.5,87.5,90.0,2.0,35.0,71.0
S2331,74.0,82.5,80.0,60.0,2.0,51.6,58.0
S2332,89.0,87.5,97.5,90.0,2.0,46.4,76.0
S2333,88.0,77.5,87.5,60.0,3.0,65.8,61.0
S2334,95.0,92.5,90.0,90.0,3.0,76.1,81.0
S2335,86.0,72.5,85.0,70.0,3.0,59.7,63.0
S2336,79.0,87.5,92.5,80.0,2.0,69.5,64.0
S2337,100.0,87.5,87.5,80.0,4.0,78.0,82.0
S2338,94.0,97.5,97.5,80.0,3.0,67.9,78.0
S2339,90.0,72.5,77.5,70.0,3.0,72.3,58.0
S2340,85.0,55.0,92.5,70.0,3.0,62.3,58.0
S2341,93.0,82.5,85.0,80.0,2.0,76.1,65.0
S2342,77.0,82.5,67.5,70.0,3.0,69.3,62.0
S2343,83.0,72.5,65.0,50.0,2.0,69.5,52.0
S2344,83.0,75.0,82.5,90.0,2.0,58.0,68.0
S2345,81.0,67.5,95.0,60.0,3.0,68.8,59.0
S2346,98.0,87.5,100.0,80.0,2.0,98.0,69.0
S2347,82.0,70.0,92.5,70.0,3.0,55.4,62.0
S2348,79.0,75.0,85.0,80.0,2.0,63.0,66.0
S2349,96.0,100.0,92.5,90.0,4.0,58.1,85.0
S2350,88.0,77.5,90.0,80.0,3.0,62.2,65.0
S2351,79.0,62.5,65.0,70.0,3.0,41.5,53.0
S2352,82.0,60.0,82.5,60.0,3.0,62.9,55.0
S2353,93.0,100.0,100.0,80.0,3.0,55.5,84.0
S2354,85.0,92.5,77.5,70.0,3.0,65.6,71.0
S2355,83.0,82.5,90.0,90.0,3.0,66.0,68.0
S2356,84.0,92.5,92.5,90.0,3.0,60.0,79.0
S2357,100.0,80.0,100.0,80.0,3.0,84.4,84.0
S2358,100.0,82.5,100.0,100.0,3.0,62.8,81.0
S2359,85.0,85.0,90.0,100.0,2.0,56.8,68.0
S2360,83.0,92.5,87.5,90.0,3.0,98.0,64.0
S2361,81.0,100.0,80.0,80.0,2.0,66.2,63.0
S2362,72.0,67.5,60.0,60.0,2.0,60.6,45.0
S2363,76.0,90.0,65.0,80.0,3.0,71.3,51.0
S2364,81.0,80.0,77.5,70.0,2.0,60.4,55.0
S2365,82.0,82.5,80.0,80.0,2.0,86.4,59.0
S2366,80.0,82.5,80.0,80.0,3.0,84.8,66.0
S2367,73.0,67.5,80.0,70.0,2.0,57.8,56.0
S2368,100.0,82.5,87.5,80.0,4.0,69.8,76.0
S2369,98.0,92.5,82.5,80.0,2.0,65.0,82.0
S2370,70.0,80.0,72.5,80.0,2.0,73.6,46.0
S2371,100.0,85.0,100.0,80.0,4.0,80.6,81.0
S2372,80.0,92.5,82.5,90.0,3.0,66.3,71.0
S2373,94.0,100.0,100.0,90.0,4.0,79.1,89.0
S2374,99.0,95.0,92.5,80.0,3.0,83.5,78.0
S2375,82.0,82.5,60.0,80.0,2.0,65.4,61.0
S2376,91.0,95.0,92.5,90.0,4.0,89.3,79.0
S2377,100.0,95.0,90.0,90.0,2.0,74.9,75.0
S2378,84.0,75.0,92.5,80.0,3.0,51.1,62.0
S2379,87.0,65.0,100.0,80.0,2.0,66.6,68.0
S2380,62.0,82.5,57.5,60.0,2.0,79.6,42.0
S2381,84.0,65.0,80.0,70.0,3.0,51.8,59.0
S2382,85.0,82.5,82.5,80.0,3.0,71.9,74.0
S2383,87.0,100.0,80.0,80.0,3.0,68.1,70.0
S2384,79.0,72.5,72.5,70.0,2.0,92.3,52.0
S2385,83.0,87.5,90.0,80.0,3.0,71.4,71.0
S2386,88.0,95.0,87.5,80.0,4.0,69.8,77.0
S2387,87.0,95.0,62.5,80.0,2.0,59.6,66.0
S2388,98.0,62.5,87.5,70.0,4.0,60.3,68.0
S2389,67.0,50.0,70.0,60.0,2.0,69.4,37.0
S2390,75.0,75.0,60.0,60.0,3.0,76.1,52.0
S2391,83.0,85.0,75.0,70.0,2.0,59.9,68.0
S2392,100.0,92.5,87.5,90.0,2.0,66.7,77.0
S2393,90.0,72.5,87.5,80.0,2.0,81.1,71.0
S2394,89.0,85.0,80.0,80.0,3.0,80.4,66.0
S2395,75.0,87.5,62.5,70.0,3.0,54.9,59.0
S2396,89.0,90.0,80.0,80.0,3.0,77.6,69.0
S2397,93.0,97.5,100.0,90.0,2.0,76.6,77.0
S2398,87.0,92.5,75.0,70.0,3.0,71.8,69.0
S2399,84.0,82.5,100.0,80.0,3.0,85.3,71.0
S2400,72.0,65.0,60.0,70.0,2.0,73.6,39.0
S2401,78.0,70.0,57.5,60.0,2.0,66.5,47.0
S2402,100.0,92.5,97.5,90.0,4.0,68.4,84.0
S2403,97.0,100.0,100.0,90.0,4.0,60.1,90.0
S2404,72.0,62.5,82.5,70.0,2.0,62.9,51.0
S2405,84.0,92.5,77.5,80.0,4.0,76.3,67.0
S2406,78.0,100.0,85.0,90.0,3.0,69.2,68.0
S2407,82.0,77.5,70.0,70.0,3.0,73.7,56.0
S2408,77.0,70.0,82.5,80.0,3.0,72.0,56.0
S2409,95.0,85.0,87.5,70.0,3.0,78.5,74.0
S2410,87.0,92.5,87.5,80.0,3.0,55.5,75.0
S2411,93.0,92.5,100.0,80.0,3.0,64.9,80.0
S2412,88.0,100.0,100.0,80.0,2.0,73.5,81.0
S2413,81.0,72.5,75.0,70.0,2.0,66.4,47.0
S2414,82.0,87.5,77.5,80.0,2.0,62.9,61.0
S2415,80.0,72.5,77.5,70.0,4.0,85.5,59.0
S2416,80.0,72.5,65.0,60.0,2.0,53.7,50.0
S2417,80.0,62.5,95.0,60.0,3.0,74.7,61.0
S2418,93.0,92.5,87.5,100.0,4.0,68.2,79.0
S2419,79.0,82.5,80.0,70.0,4.0,50.4,61.0
S2420,84.0,82.5,75.0,80.0,3.0,78.2,68.0
S2421,93.0,100.0,70.0,90.0,2.0,56.8,66.0
S2422,86.0,92.5,87.5,70.0,3.0,64.6,72.0
S2423,69.0,70.0,77.5,70.0,3.0,58.4,54.0
S2424,76.0,72.5,62.5,60.0,2.0,70.1,43.0
S2425,88.0,85.0,100.0,90.0,4.0,62.4,82.0
S2426,85.0,90.0,90.0,80.0,3.0,72.5,75.0
S2427,82.0,87.5,65.0,70.0,3.0,80.5,61.0
S2428,87.0,47.5,77.5,60.0,3.0,46.5,58.0
S2429,90.0,62.5,80.0,70.0,3.0,74.5,66.0
S2430,89.0,90.0,77.5,80.0,3.0,61.9,73.0
S2431,75.0,87.5,67.5,70.0,3.0,43.9,58.0
S2432,76.0,70.0,77.5,90.0,3.0,65.2,62.0
S2433,94.0,90.0,70.0,80.0,3.0,51.8,75.0
S2434,88.0,72.5,85.0,80.0,3.0,59.6,62.0
S2435,89.0,77.5,75.0,70.0,4.0,81.4,66.0
S2436,80.0,90.0,82.5,100.0,3.0,79.7,65.0
S2437,86.0,82.5,92.5,70.0,4.0,62.1,70.0
S2438,91.0,92.5,100.0,90.0,3.0,73.7,78.0
S2439,80.0,72.5,75.0,70.0,3.0,75.3,61.0
S2440,71.0,82.5,67.5,80.0,2.0,86.3,53.0
S2441,91.0,85.0,77.5,80.0,3.0,68.9,63.0
S2442,81.0,85.0,92.5,80.0,3.0,64.9,70.0
S2443,80.0,77.5,72.5,70.0,3.0,54.5,62.0
S2444,94.0,85.0,92.5,70.0,4.0,91.3,78.0
S2445,81.0,87.5,75.0,80.0,2.0,62.5,71.0
S2446,85.0,70.0,75.0,50.0,3.0,61.8,52.0
S2447,100.0,100.0,85.0,90.0,2.0,65.1,82.0
S2448,76.0,87.5,77.5,70.0,3.0,68.1,65.0
S2449,92.0,80.0,95.0,90.0,3.0,83.5,74.0
S2450,85.0,75.0,97.5,90.0,3.0,48.8,73.0
S2451,82.0,70.0,85.0,60.0,3.0,82.8,63.0
S2452,83.0,77.5,95.0,60.0,3.0,71.8,68.0
S2453,70.0,75.0,65.0,60.0,2.0,71.1,47.0
S2454,83.0,82.5,77.5,80.0,2.0,75.2,65.0
S2455,65.0,57.5,82.5,80.0,2.0,61.0,47.0
S2456,86.0,60.0,95.0,80.0,3.0,64.9,60.0
S2457,85.0,87.5,95.0,80.0,3.0,57.2,72.0
S2458,89.0,87.5,82.5,80.0,3.0,59.8,66.0
S2459,84.0,92.5,80.0,80.0,4.0,68.6,71.0
S2460,86.0,92.5,95.0,80.0,4.0,75.3,85.0
S2461,93.0,77.5,82.5,70.0,2.0,71.6,72.0
S2462,82.0,77.5,65.0,70.0,2.0,62.2,43.0
S2463,76.0,75.0,75.0,70.0,2.0,77.6,50.0
S2464,79.0,62.5,75.0,70.0,3.0,65.7,54.0
S2465,88.0,85.0,100.0,80.0,3.0,65.5,77.0
S2466,78.0,82.5,67.5,80.0,2.0,69.5,61.0
S2467,79.0,87.5,65.0,70.0,2.0,66.3,52.0
S2468,97.0,95.0,92.5,90.0,3.0,58.4,84.0
S2469,77.0,60.0,77.5,70.0,2.0,37.7,48.0
S2470,90.0,92.5,87.5,80.0,3.0,89.3,76.0
S2471,86.0,90.0,70.0,70.0,3.0,91.3,65.0
S2472,82.0,87.5,72.5,70.0,3.0,66.0,63.0
S2473,100.0,77.5,100.0,90.0,3.0,85.0,75.0
S2474,91.0,85.0,95.0,90.0,3.0,72.1,73.0
S2475,86.0,85.0,95.0,80.0,3.0,67.6,75.0
S2476,85.0,95.0,80.0,80.0,3.0,72.3,70.0
S2477,97.0,82.5,100.0,90.0,3.0,60.5,80.0
S2478,91.0,90.0,80.0,80.0,3.0,46.1,68.0
S2479,85.0,100.0,90.0,80.0,3.0,86.3,73.0
S2480,74.0,82.5,75.0,60.0,3.0,84.2,57.0
S2481,80.0,80.0,97.5,80.0,3.0,70.3,69.0
S2482,87.0,92.5,80.0,80.0,3.0,53.8,74.0
S2483,91.0,90.0,82.5,80.0,3.0,82.9,62.0
S2484,92.0,90.0,72.5,70.0,3.0,35.0,62.0
S2485,77.0,70.0,67.5,60.0,2.0,74.0,50.0
S2486,89.0,70.0,82.5,60.0,4.0,53.7,60.0
S2487,75.0,85.0,72.5,80.0,2.0,57.9,61.0
S2488,79.0,77.5,62.5,60.0,3.0,48.5,46.0
S2489,91.0,80.0,80.0,80.0,3.0,78.5,64.0
S2490,79.0,77.5,72.5,70.0,3.0,70.0,56.0
S2491,95.0,92.5,65.0,70.0,3.0,86.2,64.0
S2492,86.0,87.5,65.0,70.0,3.0,39.9,63.0
S2493,76.0,80.0,62.5,60.0,3.0,69.2,65.0
S2494,79.0,70.0,70.0,60.0,3.0,67.0,52.0
S2495,84.0,72.5,67.5,70.0,3.0,72.6,60.0
S2496,77.0,70.0,90.0,70.0,3.0,92.6,64.0
S2497,92.0,77.5,87.5,70.0,3.0,78.7,60.0
S2498,88.0,92.5,97.5,80.0,3.0,83.7,69.0
S2499,88.0,75.0,82.5,80.0,2.0,56.8,63.0
S2500,98.0,90.0,72.5,80.0,3.0,69.2,70.0
S2501,89.0,72.5,90.0,70.0,2.0,62.4,60.0
S2502,88.0,57.5,97.5,90.0,2.0,74.9,64.0
S2503,80.0,80.0,92.5,80.0,3.0,79.9,72.0
S2504,89.0,100.0,100.0,90.0,2.0,73.0,80.0
S2505,83.0,77.5,75.0,70.0,3.0,63.9,60.0
S2506,88.0,87.5,85.0,80.0,5.0,59.4,78.0
S2507,86.0,87.5,90.0,80.0,2.0,61.7,78.0
S2508,86.0,82.5,75.0,80.0,3.0,62.7,60.0
S2509,86.0,62.5,65.0,60.0,3.0,77.2,50.0
S2510,82.0,80.0,85.0,80.0,3.0,65.2,73.0
S2511,77.0,77.5,77.5,70.0,3.0,58.1,66.0
S2512,90.0,85.0,77.5,70.0,2.0,46.7,62.0
S2513,81.0,75.0,85.0,70.0,3.0,70.9,56.0
S2514,91.0,85.0,95.0,90.0,3.0,72.9,74.0
S2515,82.0,65.0,92.5,80.0,3.0,50.6,66.0
S2516,81.0,72.5,90.0,80.0,4.0,65.8,78.0
S2517,89.0,97.5,87.5,70.0,3.0,65.0,67.0
S2518,80.0,70.0,80.0,80.0,2.0,64.1,55.0
S2519,81.0,82.5,75.0,70.0,3.0,58.7,62.0
S2520,90.0,80.0,90.0,70.0,3.0,70.0,68.0
S2521,74.0,75.0,77.5,70.0,3.0,80.6,59.0
S2522,83.0,82.5,85.0,70.0,3.0,82.5,58.0
S2523,82.0,75.0,77.5,60.0,3.0,59.2,53.0
S2524,74.0,72.5,70.0,60.0,3.0,74.3,64.0
S2525,89.0,82.5,72.5,70.0,3.0,84.1,70.0
S2526,92.0,87.5,95.0,80.0,2.0,62.5,84.0
S2527,80.0,50.0,65.0,70.0,1.0,50.4,47.0
S2528,87.0,100.0,80.0,90.0,3.0,87.8,75.0
S2529,85.0,67.5,85.0,90.0,3.0,67.9,57.0
S2530,85.0,87.5,77.5,70.0,3.0,36.4,66.0
S2531,91.0,67.5,90.0,80.0,3.0,68.0,71.0
S2532,90.0,70.0,80.0,60.0,3.0,69.4,53.0
S2533,76.0,75.0,80.0,90.0,3.0,68.1,62.0
S2534,86.0,82.5,80.0,80.0,4.0,67.8,67.0
S2535,84.0,82.5,60.0,60.0,3.0,65.0,54.0
S2536,94.0,80.0,92.5,90.0,3.0,58.3,76.0
S2537,84.0,62.5,65.0,50.0,3.0,77.4,42.0
S2538,85.0,80.0,90.0,80.0,2.0,49.4,66.0
S2539,82.0,80.0,85.0,80.0,2.0,64.9,64.0
S2540,82.0,75.0,80.0,80.0,3.0,61.5,59.0
S2541,63.0,55.0,85.0,60.0,3.0,55.0,48.0
S2542,85.0,92.5,82.5,80.0,3.0,89.4,67.0
S2543,78.0,67.5,80.0,60.0,3.0,86.8,58.0
S2544,81.0,80.0,70.0,70.0,2.0,59.0,59.0
S2545,100.0,100.0,82.5,80.0,3.0,78.8,81.0
S2546,81.0,87.5,95.0,80.0,3.0,71.5,77.0
S2547,94.0,97.5,82.5,90.0,3.0,50.6,81.0
S2548,81.0,67.5,90.0,80.0,2.0,69.6,64.0
S2549,70.0,85.0,67.5,70.0,3.0,88.1,57.0
S2550,80.0,67.5,85.0,80.0,3.0,81.9,65.0
S2551,92.0,82.5,100.0,90.0,4.0,55.3,91.0
S2552,82.0,75.0,60.0,70.0,4.0,57.0,61.0
S2553,86.0,67.5,95.0,60.0,2.0,71.8,59.0
S2554,88.0,67.5,100.0,70.0,2.0,65.5,70.0
S2555,87.0,97.5,97.5,90.0,3.0,57.3,81.0
S2556,95.0,90.0,100.0,80.0,2.0,74.6,75.0
S2557,86.0,87.5,92.5,80.0,3.0,72.2,80.0
S2558,92.0,92.5,82.5,90.0,2.0,63.5,63.0
S2559,95.0,100.0,90.0,90.0,4.0,75.9,81.0
S2560,91.0,97.5,85.0,80.0,3.0,79.4,83.0
S2561,72.0,65.0,72.5,60.0,2.0,63.5,47.0
S2562,83.0,80.0,90.0,80.0,3.0,85.2,67.0
S2563,85.0,87.5,80.0,90.0,3.0,62.2,64.0
S2564,52.0,50.0,52.5,50.0,1.0,63.0,25.0
S2565,88.0,67.5,90.0,80.0,2.0,61.7,64.0
S2566,74.0,87.5,70.0,80.0,2.0,79.2,56.0
S2567,99.0,92.5,100.0,90.0,3.0,60.9,83.0
S2568,71.0,62.5,72.5,70.0,3.0,79.1,54.0
S2569,86.0,75.0,72.5,70.0,3.0,76.5,61.0
S2570,62.0,62.5,60.0,70.0,2.0,57.5,38.0
S2571,91.0,75.0,87.5,70.0,2.0,59.8,67.0
S2572,77.0,65.0,65.0,60.0,3.0,62.3,49.0
S2573,87.0,80.0,85.0,80.0,3.0,66.7,63.0
S2574,70.0,67.5,60.0,70.0,3.0,82.4,47.0
S2575,79.0,72.5,75.0,70.0,2.0,57.2,54.0
S2576,93.0,97.5,77.5,70.0,3.0,49.1,72.0
S2577,86.0,82.5,75.0,70.0,4.0,44.2,62.0
S2578,79.0,62.5,65.0,60.0,3.0,40.9,47.0
S2579,90.0,70.0,87.5,70.0,3.0,73.8,62.0
S2580,82.0,60.0,77.5,60.0,3.0,55.0,47.0
S2581,96.0,85.0,100.0,90.0,4.0,68.8,81.0
S2582,91.0,77.5,87.5,80.0,3.0,78.5,67.0
S2583,97.0,100.0,85.0,80.0,3.0,91.3,80.0
S2584,80.0,82.5,82.5,80.0,3.0,55.5,67.0
S2585,100.0,92.5,100.0,90.0,3.0,67.4,76.0
S2586,76.0,85.0,87.5,80.0,2.0,35.0,66.0
S2587,69.0,52.5,60.0,70.0,1.0,93.0,36.0
S2588,98.0,95.0,85.0,70.0,3.0,75.4,75.0
S2589,87.0,97.5,100.0,80.0,3.0,64.7,80.0
S2590,77.0,80.0,67.5,60.0,2.0,73.8,63.0
S2591,100.0,82.5,95.0,70.0,3.0,72.6,77.0
S2592,80.0,95.0,77.5,80.0,3.0,74.7,65.0
S2593,85.0,75.0,75.0,80.0,3.0,69.0,63.0
S2594,89.0,82.5,100.0,90.0,3.0,61.6,74.0
S2595,77.0,72.5,75.0,80.0,3.0,65.9,58.0
S2596,90.0,90.0,72.5,80.0,3.0,59.8,76.0
S2597,78.0,77.5,77.5,60.0,3.0,35.0,49.0
S2598,78.0,72.5,77.5,60.0,2.0,60.6,48.0
S2599,97.0,82.5,100.0,90.0,3.0,83.0,78.0
S2600,97.0,75.0,100.0,80.0,3.0,62.9,72.0
S2601,85.0,77.5,87.5,70.0,3.0,75.3,75.0
S2602,76.0,87.5,92.5,80.0,3.0,71.1,67.0
S2603,69.0,70.0,75.0,60.0,3.0,87.5,43.0
S2604,83.0,65.0,82.5,70.0,3.0,49.2,59.0
S2605,89.0,80.0,87.5,70.0,3.0,72.3,74.0
S2606,86.0,92.5,62.5,80.0,3.0,98.0,58.0
S2607,79.0,82.5,65.0,80.0,2.0,62.6,47.0
S2608,96.0,92.5,95.0,100.0,3.0,62.4,82.0
S2609,90.0,82.5,82.5,80.0,2.0,65.4,69.0
S2610,86.0,70.0,77.5,70.0,3.0,69.1,58.0
S2611,81.0,82.5,82.5,90.0,2.0,64.3,67.0
S2612,77.0,75.0,92.5,80.0,3.0,45.7,65.0
S2613,83.0,75.0,95.0,80.0,2.0,85.2,61.0
S2614,72.0,65.0,52.5,60.0,3.0,64.0,34.0
S2615,97.0,90.0,100.0,80.0,4.0,75.1,84.0
S2616,81.0,72.5,72.5,70.0,3.0,68.3,63.0
S2617,86.0,75.0,90.0,90.0,4.0,71.9,72.0
S2618,70.0,52.5,55.0,70.0,4.0,63.7,38.0
S2619,88.0,100.0,85.0,80.0,3.0,74.0,72.0
S2620,92.0,67.5,92.5,80.0,3.0,54.0,73.0
S2621,100.0,100.0,100.0,90.0,3.0,83.9,87.0
S2622,95.0,100.0,92.5,90.0,2.0,70.1,80.0
S2623,87.0,85.0,77.5,80.0,3.0,48.0,72.0
S2624,81.0,87.5,85.0,80.0,2.0,69.0,75.0
S2625,81.0,75.0,57.5,70.0,2.0,54.3,53.0
S2626,87.0,75.0,77.5,70.0,3.0,37.0,64.0
S2627,79.0,62.5,92.5,70.0,2.0,77.7,62.0
S2628,77.0,67.5,87.5,70.0,3.0,42.1,59.0
S2629,85.0,75.0,97.5,80.0,3.0,74.4,70.0
S2630,82.0,80.0,97.5,70.0,3.0,61.3,73.0
S2631,91.0,85.0,100.0,80.0,4.0,40.0,79.0
S2632,75.0,87.5,87.5,90.0,3.0,61.9,74.0
S2633,78.0,80.0,67.5,70.0,3.0,71.8,58.0
S2634,85.0,80.0,80.0,80.0,3.0,61.2,70.0
S2635,78.0,55.0,75.0,60.0,3.0,64.7,51.0
S2636,82.0,80.0,87.5,70.0,3.0,59.6,67.0
S2637,75.0,72.5,77.5,70.0,4.0,61.8,61.0
S2638,78.0,65.0,67.5,60.0,2.0,87.4,50.0
S2639,94.0,70.0,97.5,70.0,3.0,64.0,65.0
S2640,95.0,80.0,87.5,80.0,3.0,64.7,75.0
S2641,83.0,90.0,82.5,70.0,3.0,63.7,63.0
S2642,95.0,85.0,97.5,80.0,3.0,85.8,80.0
S2643,83.0,77.5,75.0,80.0,2.0,73.7,59.0
S2644,79.0,52.5,87.5,70.0,3.0,50.5,50.0
S2645,95.0,87.5,80.0,80.0,2.0,71.8,72.0
S2646,100.0,100.0,97.5,80.0,2.0,42.8,82.0
S2647,100.0,100.0,100.0,80.0,3.0,67.6,88.0
S2648,100.0,100.0,90.0,90.0,4.0,68.4,84.0
S2649,72.0,72.5,67.5,70.0,2.0,85.3,49.0
S2650,95.0,87.5,100.0,90.0,3.0,67.4,87.0
S2651,93.0,70.0,100.0,70.0,3.0,73.7,72.0
S2652,79.0,80.0,85.0,90.0,3.0,79.2,65.0
S2653,92.0,100.0,90.0,90.0,3.0,72.9,83.0
S2654,90.0,87.5,100.0,80.0,3.0,63.0,74.0
S2655,71.0,72.5,72.5,70.0,3.0,67.9,50.0
S2656,79.0,72.5,97.5,80.0,3.0,79.3,60.0
S2657,76.0,85.0,95.0,80.0,2.0,53.5,62.0
S2658,100.0,92.5,100.0,90.0,3.0,83.5,83.0
S2659,100.0,97.5,97.5,90.0,4.0,47.1,88.0
S2660,96.0,95.0,72.5,80.0,3.0,78.5,74.0
S2661,100.0,80.0,87.5,80.0,4.0,63.2,78.0
S2662,87.0,90.0,72.5,90.0,3.0,55.0,58.0
S2663,88.0,77.5,90.0,80.0,4.0,62.3,65.0
S2664,85.0,65.0,87.5,80.0,3.0,35.0,71.0
S2665,84.0,75.0,75.0,70.0,3.0,68.3,57.0
S2666,92.0,87.5,92.5,100.0,3.0,75.1,85.0
S2667,70.0,57.5,100.0,70.0,2.0,87.1,50.0
S2668,71.0,82.5,92.5,80.0,3.0,82.8,66.0
S2669,82.0,77.5,77.5,80.0,3.0,55.4,65.0
S2670,79.0,67.5,75.0,70.0,2.0,74.8,42.0
S2671,69.0,52.5,77.5,60.0,3.0,63.8,42.0
S2672,98.0,85.0,100.0,70.0,4.0,56.5,82.0
S2673,100.0,100.0,100.0,90.0,3.0,53.7,82.0
S2674,95.0,85.0,67.5,70.0,3.0,79.4,63.0
S2675,84.0,82.5,85.0,70.0,3.0,59.3,61.0
S2676,90.0,80.0,92.5,90.0,3.0,65.9,74.0
S2677,86.0,65.0,77.5,70.0,3.0,68.4,56.0
S2678,83.0,70.0,65.0,70.0,3.0,55.5,53.0
S2679,73.0,65.0,75.0,60.0,3.0,64.3,51.0
S2680,82.0,100.0,95.0,90.0,3.0,51.8,80.0
S2681,88.0,100.0,77.5,80.0,3.0,59.6,77.0
S2682,80.0,80.0,72.5,70.0,4.0,64.7,68.0
S2683,89.0,72.5,77.5,60.0,3.0,59.8,67.0
S2684,90.0,60.0,77.5,70.0,2.0,64.3,53.0
S2685,81.0,67.5,77.5,70.0,2.0,57.8,47.0
S2686,83.0,75.0,82.5,70.0,3.0,82.4,63.0
S2687,72.0,90.0,77.5,80.0,2.0,75.1,64.0
S2688,88.0,70.0,80.0,80.0,2.0,55.8,58.0
S2689,81.0,70.0,72.5,70.0,3.0,64.3,62.0
S2690,81.0,72.5,67.5,60.0,3.0,76.6,44.0
S2691,98.0,85.0,100.0,80.0,3.0,82.1,83.0
S2692,78.0,90.0,75.0,80.0,3.0,64.0,63.0
S2693,97.0,85.0,82.5,80.0,3.0,68.2,64.0
S2694,95.0,92.5,100.0,90.0,3.0,67.2,73.0
S2695,87.0,95.0,75.0,70.0,3.0,59.0,61.0
S2696,91.0,85.0,85.0,80.0,3.0,89.7,82.0
S2697,85.0,75.0,70.0,80.0,3.0,74.2,57.0
S2698,85.0,92.5,72.5,80.0,3.0,69.0,77.0
S2699,100.0,87.5,97.5,80.0,3.0,60.1,83.0
S2700,87.0,75.0,82.5,70.0,2.0,77.7,63.0
S2701,87.0,75.0,82.5,70.0,3.0,71.4,69.0
S2702,81.0,80.0,92.5,80.0,3.0,59.1,62.0
S2703,86.0,95.0,72.5,80.0,3.0,68.2,72.0
S2704,79.0,70.0,72.5,70.0,3.0,56.2,59.0
S2705,81.0,77.5,65.0,60.0,3.0,57.5,54.0
S2706,87.0,92.5,67.5,70.0,3.0,58.0,68.0
S2707,84.0,75.0,67.5,70.0,2.0,82.1,52.0
S2708,83.0,92.5,70.0,80.0,3.0,74.9,63.0
S2709,78.0,82.5,82.5,70.0,3.0,59.4,74.0
S2710,88.0,90.0,85.0,80.0,3.0,62.5,74.0
S2711,85.0,80.0,80.0,80.0,2.0,66.1,53.0
S2712,82.0,70.0,90.0,70.0,2.0,56.5,65.0
S2713,89.0,82.5,67.5,70.0,3.0,57.8,64.0
S2714,85.0,72.5,92.5,80.0,3.0,65.8,66.0
S2715,84.0,80.0,72.5,70.0,3.0,70.8,66.0
S2716,94.0,85.0,77.5,80.0,3.0,70.5,70.0
S2717,94.0,100.0,87.5,80.0,3.0,89.7,78.0
S2718,91.0,87.5,82.5,70.0,3.0,75.5,67.0
S2719,83.0,100.0,100.0,90.0,3.0,68.1,80.0
S2720,81.0,72.5,100.0,90.0,3.0,56.3,68.0
S2721,97.0,92.5,92.5,90.0,4.0,60.4,84.0
S2722,98.0,90.0,87.5,80.0,3.0,73.7,69.0
S2723,99.0,92.5,100.0,90.0,3.0,41.0,79.0
S2724,71.0,65.0,67.5,60.0,2.0,67.8,46.0
S2725,91.0,100.0,75.0,80.0,4.0,86.0,74.0
S2726,77.0,70.0,77.5,70.0,3.0,78.8,52.0
S2727,92.0,70.0,82.5,60.0,3.0,72.0,67.0
S2728,94.0,95.0,92.5,80.0,4.0,86.4,84.0
S2729,78.0,80.0,85.0,80.0,2.0,66.6,66.0
S2730,90.0,100.0,97.5,90.0,2.0,63.3,74.0
S2731,86.0,77.5,70.0,70.0,3.0,58.3,63.0
S2732,86.0,97.5,90.0,90.0,4.0,84.8,79.0
S2733,81.0,92.5,72.5,70.0,2.0,98.0,65.0
S2734,83.0,70.0,92.5,70.0,2.0,66.3,58.0
S2735,82.0,75.0,85.0,80.0,2.0,52.7,57.0
S2736,84.0,77.5,72.5,60.0,3.0,81.8,55.0
S2737,79.0,100.0,70.0,80.0,3.0,70.5,67.0
S2738,81.0,90.0,72.5,80.0,3.0,63.6,64.0
S2739,79.0,72.5,70.0,60.0,3.0,75.0,57.0
S2740,80.0,80.0,87.5,70.0,3.0,64.2,65.0
S2741,72.0,75.0,57.5,70.0,3.0,47.3,51.0
S2742,91.0,87.5,95.0,80.0,2.0,77.8,68.0
S2743,98.0,72.5,90.0,80.0,3.0,74.7,76.0
S2744,85.0,72.5,80.0,80.0,2.0,67.3,54.0
S2745,83.0,57.5,75.0,50.0,3.0,89.2,47.0
S2746,93.0,70.0,67.5,50.0,4.0,42.7,51.0
S2747,98.0,100.0,100.0,80.0,3.0,68.6,81.0
S2748,82.0,75.0,65.0,70.0,3.0,70.1,53.0
S2749,76.0,72.5,67.5,70.0,3.0,48.3,62.0
S2750,89.0,97.5,87.5,80.0,2.0,78.4,77.0
S2751,90.0,85.0,87.5,90.0,3.0,82.1,77.0
S2752,91.0,100.0,97.5,90.0,4.0,63.0,88.0
S2753,76.0,72.5,75.0,70.0,2.0,66.8,51.0
S2754,87.0,87.5,75.0,80.0,3.0,46.0,64.0
S2755,77.0,65.0,72.5,70.0,3.0,76.9,51.0
S2756,88.0,75.0,75.0,80.0,3.0,65.6,69.0
S2757,85.0,90.0,65.0,70.0,4.0,68.6,64.0
S2758,93.0,90.0,95.0,90.0,3.0,88.1,75.0
S2759,90.0,92.5,100.0,90.0,3.0,62.8,88.0
S2760,87.0,95.0,87.5,90.0,3.0,65.6,71.0
S2761,92.0,97.5,97.5,90.0,3.0,70.4,77.0
S2762,90.0,82.5,62.5,70.0,3.0,51.7,65.0
S2763,87.0,95.0,85.0,100.0,2.0,71.6,75.0
S2764,73.0,82.5,100.0,80.0,3.0,62.3,64.0
S2765,89.0,82.5,70.0,80.0,2.0,79.3,58.0
S2766,94.0,75.0,97.5,80.0,4.0,88.3,74.0
S2767,89.0,77.5,77.5,70.0,2.0,74.9,64.0
S2768,89.0,92.5,85.0,90.0,3.0,71.8,77.0
S2769,80.0,80.0,67.5,70.0,2.0,70.0,57.0
S2770,89.0,75.0,85.0,90.0,3.0,71.7,66.0
S2771,80.0,87.5,62.5,70.0,2.0,81.0,58.0
S2772,71.0,72.5,75.0,70.0,3.0,67.3,48.0
S2773,87.0,82.5,62.5,70.0,3.0,69.8,54.0
S2774,98.0,100.0,87.5,90.0,3.0,70.8,85.0
S2775,71.0,65.0,95.0,60.0,3.0,73.3,59.0
S2776,98.0,90.0,95.0,90.0,3.0,74.2,80.0
S2777,87.0,80.0,85.0,70.0,3.0,76.4,67.0
S2778,69.0,75.0,62.5,70.0,3.0,83.0,53.0
S2779,79.0,80.0,82.5,80.0,4.0,88.5,71.0
S2780,90.0,70.0,80.0,70.0,2.0,77.8,55.0
S2781,93.0,92.5,100.0,90.0,2.0,35.0,83.0
S2782,84.0,87.5,92.5,90.0,2.0,57.6,72.0
S2783,80.0,70.0,97.5,80.0,2.0,73.1,58.0
S2784,96.0,100.0,90.0,90.0,3.0,47.8,85.0
S2785,94.0,85.0,85.0,80.0,3.0,63.1,78.0
S2786,81.0,75.0,87.5,80.0,2.0,43.3,64.0
S2787,82.0,67.5,67.5,70.0,3.0,83.1,54.0
S2788,85.0,75.0,70.0,80.0,3.0,61.0,61.0
S2789,85.0,87.5,82.5,80.0,3.0,81.3,64.0
S2790,82.0,77.5,80.0,60.0,3.0,35.8,68.0
S2791,97.0,62.5,85.0,70.0,3.0,74.5,59.0
S2792,92.0,85.0,97.5,90.0,4.0,61.9,80.0
S2793,79.0,65.0,70.0,60.0,2.0,60.8,47.0
S2794,77.0,80.0,75.0,80.0,3.0,59.9,65.0
S2795,79.0,87.5,77.5,80.0,2.0,67.6,60.0
S2796,93.0,87.5,90.0,80.0,3.0,80.9,65.0
S2797,93.0,92.5,87.5,80.0,4.0,70.3,73.0
S2798,72.0,52.5,72.5,60.0,3.0,46.5,55.0
S2799,100.0,95.0,90.0,80.0,3.0,88.8,78.0
S2800,83.0,72.5,100.0,80.0,3.0,63.4,62.0
S2801,90.0,97.5,90.0,80.0,3.0,67.1,69.0
S2802,95.0,97.5,95.0,80.0,3.0,74.3,82.0
S2803,80.0,77.5,85.0,70.0,2.0,77.4,63.0
S2804,85.0,87.5,75.0,80.0,2.0,71.5,57.0
S2805,90.0,87.5,85.0,80.0,3.0,68.3,70.0
S2806,72.0,67.5,82.5,70.0,2.0,79.3,45.0
S2807,81.0,70.0,77.5,60.0,2.0,58.5,54.0
S2808,85.0,97.5,90.0,80.0,2.0,65.5,69.0
S2809,92.0,75.0,100.0,60.0,3.0,46.0,69.0
S2810,87.0,95.0,82.5,70.0,3.0,66.5,77.0
S2811,85.0,80.0,75.0,70.0,3.0,55.3,64.0
S2812,89.0,85.0,80.0,80.0,2.0,89.8,70.0
S2813,90.0,82.5,90.0,70.0,3.0,70.8,62.0
S2814,84.0,72.5,70.0,70.0,3.0,55.1,55.0
S2815,77.0,82.5,90.0,80.0,3.0,60.7,75.0
S2816,70.0,77.5,70.0,80.0,2.0,53.5,52.0
S2817,82.0,80.0,80.0,70.0,2.0,80.1,61.0
S2818,89.0,82.5,87.5,80.0,2.0,51.4,75.0
S2819,76.0,60.0,65.0,60.0,3.0,59.7,47.0
S2820,76.0,57.5,65.0,50.0,3.0,68.3,39.0
S2821,91.0,80.0,87.5,90.0,4.0,53.7,72.0
S2822,93.0,100.0,85.0,80.0,3.0,55.1,78.0
S2823,94.0,100.0,100.0,80.0,3.0,70.4,79.0
S2824,72.0,67.5,65.0,60.0,2.0,71.2,47.0
S2825,84.0,75.0,90.0,70.0,3.0,71.6,66.0
S2826,91.0,62.5,85.0,70.0,4.0,71.7,59.0
S2827,76.0,72.5,90.0,70.0,3.0,79.8,66.0
S2828,77.0,87.5,67.5,80.0,3.0,76.8,62.0
S2829,83.0,70.0,82.5,50.0,4.0,70.6,61.0
S2830,78.0,57.5,80.0,70.0,2.0,68.4,60.0
S2831,94.0,97.5,75.0,90.0,3.0,59.1,70.0
S2832,86.0,70.0,90.0,70.0,3.0,65.2,63.0
S2833,81.0,75.0,80.0,70.0,2.0,75.8,58.0
S2834,78.0,77.5,72.5,70.0,2.0,63.8,60.0
S2835,87.0,75.0,80.0,70.0,3.0,54.0,62.0
S2836,87.0,82.5,100.0,90.0,3.0,56.5,79.0
S2837,80.0,62.5,72.5,50.0,2.0,36.5,48.0
S2838,84.0,62.5,87.5,60.0,3.0,55.2,53.0
S2839,82.0,95.0,82.5,70.0,2.0,86.5,69.0
S2840,74.0,82.5,77.5,70.0,3.0,89.5,65.0
S2841,87.0,85.0,90.0,90.0,3.0,53.5,78.0
S2842,86.0,80.0,65.0,70.0,2.0,68.2,58.0
S2843,88.0,75.0,87.5,90.0,2.0,72.1,61.0
S2844,91.0,90.0,100.0,80.0,3.0,64.9,76.0
S2845,86.0,80.0,75.0,70.0,3.0,65.2,61.0
S2846,88.0,82.5,62.5,60.0,2.0,77.6,54.0
S2847,85.0,77.5,100.0,80.0,3.0,70.9,69.0
S2848,72.0,62.5,60.0,60.0,2.0,80.0,42.0
S2849,82.0,77.5,90.0,90.0,3.0,60.9,64.0
S2850,91.0,82.5,87.5,80.0,2.0,63.8,65.0
S2851,81.0,67.5,57.5,50.0,2.0,87.2,44.0
S2852,83.0,80.0,100.0,90.0,3.0,69.7,83.0
S2853,83.0,77.5,70.0,60.0,3.0,50.6,54.0
S2854,100.0,72.5,82.5,80.0,3.0,64.0,70.0
S2855,80.0,75.0,47.5,50.0,3.0,46.9,46.0
S2856,72.0,92.5,70.0,90.0,3.0,83.5,64.0
S2857,72.0,52.5,75.0,60.0,1.0,73.4,39.0
S2858,87.0,75.0,85.0,80.0,2.0,73.0,65.0
S2859,79.0,62.5,62.5,60.0,2.0,86.8,52.0
S2860,83.0,87.5,75.0,70.0,3.0,48.7,64.0
S2861,89.0,80.0,75.0,60.0,3.0,65.9,63.0
S2862,91.0,85.0,67.5,70.0,3.0,67.6,71.0
S2863,79.0,70.0,67.5,60.0,2.0,80.3,58.0
S2864,100.0,82.5,100.0,90.0,3.0,70.7,78.0
S2865,98.0,82.5,82.5,80.0,3.0,70.1,65.0
S2866,98.0,87.5,92.5,80.0,3.0,72.6,76.0
S2867,89.0,95.0,90.0,70.0,4.0,75.1,77.0
S2868,87.0,65.0,65.0,60.0,3.0,63.0,52.0
S2869,87.0,85.0,80.0,90.0,2.0,62.4,66.0
S2870,93.0,100.0,92.5,90.0,4.0,65.3,88.0
S2871,71.0,85.0,82.5,70.0,2.0,56.6,70.0
S2872,95.0,92.5,92.5,90.0,4.0,79.9,71.0
S2873,92.0,77.5,77.5,70.0,4.0,75.9,66.0
S2874,88.0,92.5,90.0,90.0,3.0,85.8,70.0
S2875,93.0,100.0,90.0,100.0,2.0,48.8,75.0
S2876,88.0,92.5,67.5,80.0,4.0,81.2,74.0
S2877,79.0,62.5,100.0,70.0,3.0,73.0,64.0
S2878,88.0,77.5,87.5,60.0,3.0,59.1,64.0
S2879,90.0,77.5,87.5,80.0,3.0,66.5,69.0
S2880,79.0,87.5,77.5,80.0,2.0,56.8,62.0
S2881,83.0,65.0,85.0,70.0,2.0,60.3,61.0
S2882,84.0,100.0,77.5,60.0,3.0,75.8,58.0
S2883,80.0,92.5,80.0,80.0,3.0,86.0,65.0
S2884,97.0,82.5,82.5,70.0,3.0,78.5,70.0
S2885,88.0,77.5,85.0,80.0,3.0,45.3,68.0
S2886,83.0,80.0,72.5,70.0,3.0,50.5,59.0
S2887,96.0,80.0,87.5,70.0,4.0,70.2,84.0
S2888,82.0,87.5,72.5,60.0,3.0,72.7,59.0
S2889,58.0,62.5,67.5,60.0,2.0,76.2,43.0
S2890,72.0,75.0,62.5,70.0,4.0,87.2,56.0
S2891,84.0,100.0,77.5,80.0,3.0,59.9,76.0
S2892,93.0,97.5,97.5,90.0,3.0,55.9,89.0
S2893,92.0,72.5,90.0,80.0,3.0,63.2,65.0
S2894,80.0,80.0,77.5,80.0,3.0,69.3,63.0
S2895,86.0,100.0,57.5,80.0,3.0,68.8,65.0
S2896,81.0,72.5,65.0,70.0,3.0,55.9,58.0
S2897,77.0,70.0,70.0,60.0,2.0,51.7,53.0
S2898,94.0,82.5,75.0,70.0,3.0,72.6,69.0
S2899,95.0,82.5,75.0,80.0,3.0,75.7,76.0
S2900,78.0,85.0,77.5,80.0,2.0,79.4,53.0
S2901,87.0,82.5,80.0,80.0,3.0,63.2,67.0
S2902,75.0,62.5,70.0,60.0,3.0,46.1,48.0
S2903,88.0,77.5,92.5,90.0,3.0,85.4,78.0
S2904,90.0,80.0,77.5,60.0,3.0,67.3,63.0
S2905,89.0,72.5,97.5,80.0,3.0,67.5,76.0
S2906,96.0,97.5,100.0,90.0,3.0,52.1,86.0
S2907,88.0,72.5,85.0,80.0,3.0,58.6,69.0
S2908,87.0,92.5,70.0,80.0,3.0,93.4,59.0
S2909,92.0,97.5,82.5,80.0,4.0,97.0,81.0
S2910,83.0,72.5,80.0,70.0,2.0,71.6,62.0
S2911,78.0,67.5,85.0,70.0,2.0,65.5,49.0
S2912,73.0,80.0,72.5,90.0,2.0,84.7,61.0
S2913,88.0,100.0,82.5,90.0,3.0,92.2,73.0
S2914,68.0,80.0,67.5,70.0,3.0,78.4,56.0
S2915,88.0,82.5,85.0,80.0,3.0,50.6,73.0
S2916,84.0,85.0,72.5,70.0,3.0,51.3,60.0
S2917,84.0,100.0,87.5,90.0,3.0,70.6,80.0
S2918,100.0,85.0,80.0,90.0,3.0,61.5,78.0
S2919,70.0,60.0,70.0,70.0,2.0,79.8,41.0
S2920,72.0,85.0,70.0,70.0,3.0,66.9,61.0
S2921,70.0,75.0,80.0,80.0,3.0,63.0,61.0
S2922,80.0,75.0,80.0,80.0,3.0,60.9,71.0
S2923,84.0,85.0,97.5,90.0,2.0,68.9,80.0
S2924,98.0,85.0,100.0,90.0,4.0,59.9,80.0
S2925,71.0,55.0,62.5,60.0,2.0,63.8,39.0
S2926,69.0,60.0,65.0,70.0,3.0,61.6,46.0
S2927,88.0,85.0,70.0,80.0,2.0,85.9,59.0
S2928,94.0,95.0,87.5,80.0,4.0,63.0,90.0
S2929,84.0,82.5,70.0,80.0,3.0,68.4,65.0
S2930,90.0,92.5,82.5,70.0,4.0,70.3,76.0
S2931,76.0,75.0,72.5,60.0,3.0,57.6,63.0
S2932,83.0,85.0,90.0,80.0,3.0,66.8,75.0
S2933,82.0,77.5,67.5,70.0,2.0,88.3,55.0
S2934,100.0,92.5,85.0,70.0,3.0,84.6,79.0
S2935,78.0,70.0,87.5,70.0,2.0,78.9,59.0
S2936,74.0,70.0,67.5,60.0,3.0,72.2,51.0
S2937,83.0,65.0,65.0,50.0,3.0,56.3,40.0
S2938,79.0,92.5,82.5,70.0,3.0,67.3,64.0
S2939,80.0,90.0,85.0,80.0,3.0,64.8,65.0
S2940,73.0,75.0,70.0,70.0,2.0,64.7,48.0
S2941,85.0,67.5,72.5,70.0,3.0,65.4,56.0
S2942,75.0,77.5,82.5,80.0,3.0,61.9,60.0
S2943,100.0,97.5,92.5,90.0,4.0,73.2,80.0
S2944,85.0,100.0,75.0,80.0,3.0,61.1,73.0
S2945,95.0,97.5,77.5,80.0,3.0,75.5,73.0
S2946,73.0,70.0,60.0,60.0,2.0,65.6,44.0
S2947,78.0,67.5,70.0,60.0,3.0,85.2,46.0
S2948,84.0,80.0,82.5,70.0,2.0,68.2,63.0
S2949,76.0,67.5,70.0,60.0,2.0,48.6,41.0
S2950,87.0,97.5,62.5,80.0,3.0,63.7,59.0
S2951,73.0,80.0,82.5,70.0,3.0,66.4,65.0
S2952,100.0,82.5,92.5,90.0,3.0,66.9,80.0
S2953,84.0,72.5,65.0,60.0,3.0,71.4,59.0
S2954,72.0,75.0,60.0,70.0,2.0,57.6,49.0
S2955,97.0,100.0,62.5,70.0,3.0,90.9,69.0
S2956,74.0,70.0,77.5,60.0,3.0,68.5,53.0
S2957,80.0,77.5,70.0,70.0,3.0,69.9,64.0
S2958,90.0,65.0,92.5,80.0,3.0,61.3,63.0
S2959,80.0,75.0,82.5,70.0,3.0,46.8,63.0
S2960,80.0,67.5,62.5,70.0,4.0,62.6,51.0
S2961,72.0,45.0,75.0,50.0,2.0,63.2,37.0
S2962,90.0,77.5,90.0,80.0,2.0,73.3,68.0
S2963,100.0,72.5,100.0,70.0,4.0,54.7,77.0
S2964,91.0,80.0,87.5,80.0,3.0,87.5,71.0
S2965,79.0,72.5,87.5,70.0,3.0,75.9,56.0
S2966,74.0,72.5,77.5,90.0,3.0,77.8,60.0
S2967,76.0,50.0,80.0,70.0,3.0,65.1,50.0
S2968,87.0,87.5,57.5,50.0,3.0,68.6,56.0
S2969,78.0,82.5,75.0,70.0,3.0,76.5,63.0
S2970,85.0,67.5,80.0,70.0,3.0,58.4,54.0
S2971,75.0,65.0,80.0,60.0,1.0,82.3,50.0
S2972,88.0,85.0,77.5,80.0,2.0,56.0,61.0
S2973,89.0,87.5,77.5,80.0,4.0,70.3,73.0
S2974,73.0,57.5,87.5,80.0,2.0,67.8,52.0
S2975,85.0,90.0,77.5,90.0,3.0,76.5,74.0
S2976,86.0,77.5,77.5,60.0,2.0,47.7,53.0
S2977,90.0,87.5,72.5,80.0,2.0,63.5,59.0
S2978,83.0,57.5,57.5,50.0,3.0,70.1,46.0
S2979,96.0,100.0,87.5,90.0,4.0,98.0,85.0
S2980,75.0,57.5,57.5,70.0,2.0,71.2,44.0
S2981,94.0,85.0,97.5,90.0,3.0,59.5,79.0
S2982,91.0,100.0,87.5,90.0,3.0,86.7,83.0
S2983,100.0,92.5,92.5,80.0,2.0,57.8,73.0
S2984,89.0,80.0,75.0,80.0,3.0,69.3,63.0
S2985,92.0,87.5,85.0,80.0,2.0,76.6,66.0
S2986,80.0,77.5,80.0,80.0,2.0,78.6,62.0
S2987,73.0,80.0,65.0,70.0,2.0,68.2,52.0
S2988,93.0,67.5,92.5,70.0,3.0,54.5,66.0
S2989,87.0,67.5,87.5,80.0,2.0,57.4,70.0
S2990,86.0,92.5,82.5,80.0,3.0,60.6,66.0
S2991,70.0,70.0,72.5,70.0,3.0,42.5,44.0
S2992,89.0,80.0,97.5,80.0,3.0,72.2,71.0
S2993,88.0,75.0,62.5,70.0,2.0,63.8,49.0
S2994,97.0,100.0,95.0,90.0,4.0,83.9,81.0
S2995,82.0,77.5,70.0,60.0,2.0,91.4,52.0
S2996,78.0,95.0,67.5,70.0,2.0,72.6,57.0
S2997,78.0,75.0,82.5,90.0,2.0,73.9,61.0
S2998,82.0,72.5,100.0,80.0,3.0,82.0,59.0
S2999,97.0,80.0,95.0,70.0,3.0,66.2,64.0
