Student_ID,Attendance (%),Internal Test 1 (out of 40),Internal Test 2 (out of 40),Assignment Score (out of 10),Daily Study Hours,Final Exam Marks (out of 100),previous_year_marks_pct
S1000,84,30,36,7,3,72,66.92
S1001,91,24,38,6,3,56,56.61
S1002,73,29,26,7,3,56,57.64
S1003,80,36,35,7,3,74,72.1
S1004,84,31,37,8,3,66,57.9
S1005,100,34,34,7,3,79,65.82
S1006,96,40,36,8,3,83,80.51
S1007,83,39,37,7,3,77,69.25
S1008,91,30,37,8,2,71,67.29
S1009,87,27,37,8,3,61,63.1
S1010,77,34,25,7,2,54,58.32
S1011,78,26,28,6,3,53,56.42
S1012,77,27,29,7,3,53,56.02
S1013,84,28,34,9,3,55,75.04
S1014,86,38,33,8,3,65,74.9
S1015,71,28,29,7,3,53,48.6
S1016,94,34,36,8,3,75,77.19
S1017,85,29,36,7,2,69,54.9
S1018,84,36,34,8,3,74,75.79
S1019,82,35,29,7,3,66,62.68
S1020,98,40,40,9,4,92,89.46
S1021,83,27,35,7,2,52,53.73
S1022,84,26,35,8,3,54,72.03
S1023,91,35,32,7,3,67,67.95
S1024,85,35,26,6,3,52,56.92
S1025,91,37,37,8,2,77,69.81
S1026,86,39,30,7,3,71,71.06
S1027,86,31,27,7,2,56,58.62
S1028,95,40,33,9,3,80,82.75
S1029,85,25,36,7,3,65,64.89
S1030,78,25,33,7,3,56,69.92
S1031,75,31,35,7,3,60,58.79
S1032,85,34,35,8,4,73,71.82
S1033,77,33,29,7,2,64,50.31
S1034,91,40,36,9,4,81,88.51
S1035,87,33,33,8,3,69,76.01
S1036,83,32,26,7,4,70,63.29
S1037,80,29,36,6,3,54,54.87
S1038,84,31,31,7,3,58,57.73
S1039,90,39,40,10,3,88,88.73
S1040,92,34,39,8,3,74,80.44
S1041,75,31,24,8,2,55,55.83
S1042,100,36,39,7,4,85,78.44
S1043,80,31,31,9,2,59,63.63
S1044,76,33,30,7,3,59,60.37
S1045,97,38,33,7,3,79,75.34
S1046,95,40,36,7,3,84,81.5
S1047,92,35,40,9,3,85,81.6
S1048,80,34,28,8,4,60,72.12
S1049,94,29,30,7,3,64,65.44
S1050,84,33,31,8,3,67,68.48
S1051,74,31,32,6,2,51,55.18
S1052,80,28,32,8,2,61,49.51
S1053,75,34,30,9,3,71,63.88
S1054,92,36,37,9,3,77,76.25
S1055,94,33,35,7,4,70,71.47
S1056,77,33,31,8,3,62,62.09
S1057,84,39,31,8,3,76,79.4
S1058,88,29,38,8,3,63,65.39
S1059,76,33,37,8,3,73,72.79
S1060,93,38,23,8,3,65,58.94
S1061,77,25,30,7,4,58,57.43
S1062,74,29,33,7,3,57,59.12
S1063,78,26,27,7,2,48,53.19
S1064,82,36,38,8,3,77,76.49
S1065,78,36,27,8,3,51,68.15
S1066,95,37,34,8,2,63,69.67
S1067,85,39,40,10,3,75,80.0
S1068,74,25,31,6,3,58,56.42
S1069,88,38,31,7,3,78,67.69
S1070,74,21,31,6,3,44,41.33
S1071,97,36,30,8,3,71,67.14
S1072,75,31,26,7,2,58,45.6
S1073,81,35,35,8,3,73,72.23
S1074,87,31,34,8,4,66,73.98
S1075,79,30,28,6,3,60,58.92
S1076,77,33,32,6,3,65,55.97
S1077,87,28,32,6,3,66,60.6
S1078,73,33,29,7,3,61,61.4
S1079,93,37,40,9,3,76,80.2
S1080,75,35,31,7,3,67,63.85
S1081,75,29,34,7,2,53,50.96
S1082,84,35,35,7,3,67,65.57
S1083,67,31,30,6,3,50,49.27
S1084,85,34,30,7,3,57,57.27
S1085,79,28,33,6,2,60,55.25
S1086,88,32,32,7,3,68,62.85
S1087,84,40,36,9,4,74,81.89
S1088,92,33,34,8,3,66,75.05
S1089,78,33,35,8,3,69,69.33
S1090,91,40,36,8,2,73,77.07
S1091,85,37,40,9,3,71,77.92
S1092,81,33,34,8,3,66,64.9
S1093,87,32,31,6,4,65,65.53
S1094,79,33,24,7,2,53,42.86
S1095,80,26,32,7,3,56,49.75
S1096,81,33,33,9,3,62,61.92
S1097,86,27,36,7,2,69,53.84
S1098,84,36,33,7,3,71,69.4
S1099,68,27,29,6,2,45,39.03
S1100,96,34,37,8,3,80,74.33
S1101,99,30,40,9,4,80,92.19
S1102,80,30,29,8,3,57,59.72
S1103,92,36,28,7,3,67,71.7
S1104,89,26,34,6,2,56,50.67
S1105,82,31,34,8,3,69,65.34
S1106,83,34,40,9,2,69,65.72
S1107,94,32,34,6,3,74,64.61
S1108,72,30,32,7,3,55,62.21
S1109,92,36,34,7,4,73,65.48
S1110,95,36,34,8,3,83,78.02
S1111,80,29,35,8,3,66,66.42
S1112,97,33,40,9,3,88,77.72
S1113,91,32,29,7,2,52,52.12
S1114,94,35,31,7,4,75,74.35
S1115,84,32,31,8,3,57,63.03
S1116,77,27,30,7,2,49,53.24
S1117,82,33,31,7,3,57,63.1
S1118,67,18,32,5,1,35,42.12
S1119,78,24,28,7,3,46,52.1
S1120,90,32,33,9,2,65,62.59
S1121,78,27,33,7,3,62,59.69
S1122,88,36,33,8,3,73,73.04
S1123,100,24,38,8,4,73,84.91
S1124,81,29,30,8,2,55,62.75
S1125,88,33,39,8,3,78,75.77
S1126,73,33,31,7,3,66,67.59
S1127,93,36,36,8,4,72,73.3
S1128,92,37,35,7,4,69,73.15
S1129,80,31,29,7,3,59,54.09
S1130,77,33,29,7,2,49,52.8
S1131,81,40,27,8,3,66,59.31
S1132,75,35,28,8,2,58,61.51
S1133,89,40,31,9,3,78,75.1
S1134,93,37,35,9,3,76,70.18
S1135,86,32,31,7,3,63,58.13
S1136,71,34,20,6,2,42,46.22
S1137,98,31,38,7,3,78,78.13
S1138,89,30,39,7,3,78,80.97
S1139,87,35,40,9,3,89,95.0
S1140,72,23,33,6,4,58,57.33
S1141,84,37,34,9,3,71,68.4
S1142,85,31,29,8,3,61,52.15
S1143,86,38,31,9,2,72,70.97
S1144,90,25,40,8,3,69,65.29
S1145,78,37,33,8,3,75,65.55
S1146,81,31,34,7,3,65,59.58
S1147,79,29,34,8,2,56,58.71
S1148,83,36,30,9,2,55,72.41
S1149,70,21,37,6,2,49,47.43
S1150,93,30,31,7,3,66,64.95
S1151,89,36,38,10,3,80,75.19
S1152,91,35,32,8,3,69,61.96
S1153,84,33,36,8,3,69,67.14
S1154,87,30,40,8,3,78,71.64
S1155,81,22,40,8,3,62,74.55
S1156,98,36,27,6,3,56,67.2
S1157,75,21,30,6,3,51,54.38
S1158,74,25,27,7,3,46,48.82
S1159,84,34,33,7,3,67,58.82
S1160,86,31,36,8,3,77,63.92
S1161,100,39,40,8,3,78,79.19
S1162,93,40,36,9,3,81,93.86
S1163,89,31,28,7,3,58,58.02
S1164,78,34,33,8,3,69,70.99
S1165,77,25,27,5,2,44,37.51
S1166,77,29,34,7,3,61,65.59
S1167,91,30,36,8,4,66,77.8
S1168,92,34,30,7,3,66,66.45
S1169,92,30,40,7,3,77,70.98
S1170,77,32,33,7,3,62,57.57
S1171,74,25,29,5,2,43,45.38
S1172,86,33,34,9,2,62,65.45
S1173,89,34,29,8,3,68,61.15
S1174,87,33,33,6,3,59,56.02
S1175,91,28,34,8,3,69,69.59
S1176,92,40,36,8,2,74,82.87
S1177,95,36,28,8,4,71,76.96
S1178,91,37,35,9,2,79,72.83
S1179,72,33,34,8,3,60,65.1
S1180,80,29,23,5,3,48,56.18
S1181,83,32,30,9,3,65,69.28
S1182,100,36,40,10,3,80,84.98
S1183,79,33,26,7,3,55,64.93
S1184,82,29,40,7,3,67,68.69
S1185,83,35,32,9,2,62,75.81
S1186,91,32,39,7,3,70,72.49
S1187,82,34,32,9,3,61,62.93
S1188,87,31,28,8,3,63,56.87
S1189,74,31,28,6,2,44,58.59
S1190,86,34,33,7,3,67,76.77
S1191,94,36,35,8,2,68,70.22
S1192,90,35,30,7,3,63,64.88
S1193,83,37,33,7,4,72,80.23
S1194,92,33,32,6,2,66,54.18
S1195,92,34,29,6,3,66,58.54
S1196,88,31,31,8,3,65,71.03
S1197,90,34,35,8,2,65,65.92
S1198,93,36,38,8,3,87,77.13
S1199,79,31,27,8,3,62,59.77
S1200,80,35,33,8,3,69,69.57
S1201,90,35,33,8,3,70,80.25
S1202,99,27,40,7,3,81,72.9
S1203,84,34,30,7,4,65,72.03
S1204,77,34,31,7,2,51,44.98
S1205,95,38,39,7,3,77,76.74
S1206,82,35,34,8,3,72,64.16
S1207,82,26,33,7,3,59,52.61
S1208,66,22,27,6,3,43,38.22
S1209,84,37,29,8,3,70,66.1
S1210,90,33,31,8,3,67,74.79
S1211,77,27,37,8,2,66,51.52
S1212,92,31,30,7,3,60,65.62
S1213,77,40,26,8,3,61,62.14
S1214,80,29,32,6,4,53,59.71
S1215,77,26,23,6,3,47,54.09
S1216,78,33,29,7,2,59,58.68
S1217,73,30,33,7,1,49,57.41
S1218,82,33,29,7,2,58,56.38
S1219,81,24,33,7,2,54,49.55
S1220,82,28,25,7,3,52,54.6
S1221,86,40,35,9,3,81,79.08
S1222,71,30,26,6,3,57,51.1
S1223,88,23,30,7,3,57,52.19
S1224,89,29,33,6,3,64,62.36
S1225,83,33,28,7,2,56,58.42
S1226,89,34,40,7,3,76,87.23
S1227,84,35,33,9,3,69,83.29
S1228,99,36,40,10,3,73,81.94
S1229,93,33,35,8,3,71,71.62
S1230,91,30,36,7,3,72,59.63
S1231,74,27,27,5,3,40,43.7
S1232,85,37,27,8,3,62,69.07
S1233,90,38,31,8,2,65,75.3
S1234,92,36,28,8,3,73,66.02
S1235,84,24,32,8,2,50,53.41
S1236,100,37,40,9,3,87,72.5
S1237,88,32,32,8,3,59,67.59
S1238,80,29,34,8,3,61,58.15
S1239,80,30,37,8,3,72,63.84
S1240,89,34,37,9,4,77,75.66
S1241,91,31,36,9,3,74,74.17
S1242,90,33,37,8,3,72,62.96
S1243,84,38,39,8,3,87,66.52
S1244,94,34,40,8,3,80,90.09
S1245,73,27,29,7,2,52,41.92
S1246,80,29,28,7,3,52,51.16
S1247,86,35,30,9,4,75,86.41
S1248,92,31,35,7,3,70,85.69
S1249,89,36,40,8,3,78,69.81
S1250,77,28,34,8,3,64,60.26
S1251,94,34,34,8,4,75,80.15
S1252,97,39,37,9,4,87,95.0
S1253,99,40,33,9,3,87,76.3
S1254,88,33,40,8,3,76,72.88
S1255,100,38,36,9,3,85,87.73
S1256,90,29,40,8,2,80,70.78
S1257,88,32,29,8,3,69,64.41
S1258,86,36,37,7,2,62,65.32
S1259,79,34,28,7,3,62,52.3
S1260,83,31,29,8,2,53,57.98
S1261,86,34,30,8,3,54,66.1
S1262,82,36,30,9,2,64,67.08
S1263,85,34,27,7,2,58,54.71
S1264,67,30,26,7,2,53,49.6
S1265,93,34,38,7,3,72,78.88
S1266,71,32,25,7,3,53,54.55
S1267,87,34,38,9,3,82,78.23
S1268,86,32,26,8,4,60,68.52
S1269,84,32,26,7,3,56,60.0
S1270,80,36,31,7,2,62,55.38
S1271,92,32,33,8,3,67,72.8
S1272,89,37,31,8,4,66,75.38
S1273,91,38,35,9,3,85,90.85
S1274,80,29,26,7,2,60,61.14
S1275,94,40,34,7,2,74,72.53
S1276,77,35,30,8,1,60,51.07
S1277,87,30,27,7,4,55,58.55
S1278,76,27,31,7,2,61,59.07
S1279,91,34,37,8,3,78,75.89
S1280,77,29,35,8,3,57,66.52
S1281,94,37,28,9,3,67,64.52
S1282,71,30,30,7,3,54,61.0
S1283,75,29,33,8,3,61,64.2
S1284,83,37,33,8,2,67,59.28
S1285,86,34,37,9,3,81,72.32
S1286,96,40,38,9,4,90,89.93
S1287,86,32,24,6,2,59,52.57
S1288,90,38,39,9,4,85,83.38
S1289,77,40,29,8,3,75,66.3
S1290,82,29,28,7,2,52,52.6
S1291,78,32,29,7,2,61,55.78
S1292,83,34,28,7,3,70,70.76
S1293,86,28,36,8,3,69,52.6
S1294,79,31,29,7,3,60,57.69
S1295,89,39,38,9,3,78,81.29
S1296,90,31,28,7,3,62,65.02
S1297,69,27,30,8,2,45,49.11
S1298,74,31,33,8,2,53,47.68
S1299,78,29,26,7,2,53,52.96
S1300,80,26,24,5,3,47,57.37
S1301,85,31,35,8,3,61,59.51
S1302,86,29,19,5,3,47,53.66
S1303,76,21,34,6,2,54,45.29
S1304,82,29,32,7,3,61,60.68
S1305,79,28,31,7,2,61,47.86
S1306,93,29,36,7,3,61,66.49
S1307,83,35,32,9,3,69,78.83
S1308,79,31,31,6,3,63,60.85
S1309,90,40,38,10,3,88,94.43
S1310,80,33,30,8,2,61,66.89
S1311,71,32,30,8,2,54,57.95
S1312,82,32,29,8,3,65,74.21
S1313,79,29,28,7,3,57,59.73
S1314,75,25,29,7,3,51,58.33
S1315,87,32,37,8,3,65,69.57
S1316,86,32,30,7,3,60,63.84
S1317,86,36,36,8,3,76,68.7
S1318,100,39,40,8,3,85,89.25
S1319,81,35,33,8,3,76,61.12
S1320,66,27,32,6,2,41,49.98
S1321,80,33,32,6,2,59,54.28
S1322,80,30,30,6,3,55,63.46
S1323,88,33,37,7,3,68,73.86
S1324,92,32,31,7,3,70,77.41
S1325,86,32,29,7,3,63,67.09
S1326,68,31,21,6,2,38,35.0
S1327,81,26,22,6,3,55,48.94
S1328,83,38,29,8,3,72,61.39
S1329,74,27,27,6,3,49,47.06
S1330,91,31,35,8,3,64,80.01
S1331,81,27,22,5,2,40,46.38
S1332,77,29,31,8,3,68,57.03
S1333,84,38,26,7,3,71,57.9
S1334,77,32,25,7,3,47,56.47
S1335,85,28,33,7,3,62,55.23
S1336,91,31,35,8,3,69,67.21
S1337,83,31,39,7,3,70,69.09
S1338,76,30,30,7,3,50,64.54
S1339,74,32,24,8,2,56,56.42
S1340,86,40,35,9,2,80,59.81
S1341,78,28,35,8,2,50,60.89
S1342,82,34,36,8,3,63,70.17
S1343,78,31,32,7,3,55,62.99
S1344,81,36,40,9,2,70,81.18
S1345,93,38,37,9,4,89,73.03
S1346,79,28,34,7,3,54,56.9
S1347,84,26,24,6,2,40,51.0
S1348,76,33,26,7,2,53,43.44
S1349,81,27,37,8,2,48,69.72
S1350,82,31,39,8,3,73,71.91
S1351,82,35,36,9,3,76,78.29
S1352,83,28,33,6,2,55,50.8
S1353,76,29,29,7,3,52,61.25
S1354,82,30,31,7,2,60,62.91
S1355,96,40,36,9,3,89,84.06
S1356,78,30,33,7,3,62,61.94
S1357,91,30,33,8,4,74,75.21
S1358,100,37,40,8,3,92,77.1
S1359,83,29,35,7,2,64,58.14
S1360,96,40,35,8,2,79,73.83
S1361,75,23,27,6,2,48,45.82
S1362,95,31,39,8,3,77,81.34
S1363,87,38,29,7,2,72,56.48
S1364,95,36,28,6,2,63,60.62
S1365,78,31,33,7,2,67,65.5
S1366,86,39,39,9,3,78,75.22
S1367,76,36,29,7,3,58,56.15
S1368,82,36,28,6,3,58,61.22
S1369,71,24,21,6,2,41,43.56
S1370,84,31,35,8,3,66,68.13
S1371,78,33,24,7,2,47,60.11
S1372,79,37,29,9,2,69,69.42
S1373,92,31,31,7,2,70,66.62
S1374,66,23,29,7,2,47,47.08
S1375,77,33,27,7,4,70,76.26
S1376,77,27,24,6,2,48,43.89
S1377,88,29,27,7,3,59,48.72
S1378,94,36,28,8,4,69,84.99
S1379,83,32,32,7,4,61,65.12
S1380,81,30,35,7,2,60,59.4
S1381,94,30,32,7,3,65,74.65
S1382,88,28,36,7,3,62,56.21
S1383,85,32,35,7,2,61,54.47
S1384,94,38,36,9,3,74,71.14
S1385,86,30,30,7,3,61,57.5
S1386,80,36,30,7,3,61,65.95
S1387,95,40,34,9,4,76,88.45
S1388,88,35,33,7,3,63,69.8
S1389,80,25,29,5,3,51,41.52
S1390,77,29,32,7,3,56,45.29
S1391,84,39,37,7,4,82,76.27
S1392,87,29,32,6,2,56,53.14
S1393,83,34,34,8,3,72,71.6
S1394,81,26,37,7,3,57,66.0
S1395,85,34,34,8,3,61,70.6
S1396,99,40,40,10,3,88,93.97
S1397,88,31,36,8,2,70,67.41
S1398,89,30,31,8,2,61,65.77
S1399,84,31,34,7,2,71,55.96
S1400,88,33,36,7,3,81,67.76
S1401,85,31,32,8,3,62,67.73
S1402,91,40,31,8,3,71,79.17
S1403,84,32,32,8,3,67,64.47
S1404,90,34,35,8,3,66,75.69
S1405,86,28,31,8,2,58,58.49
S1406,91,31,31,6,4,62,66.42
S1407,75,29,35,7,3,55,64.75
S1408,82,25,36,7,3,62,49.35
S1409,100,40,34,7,3,85,69.7
S1410,99,39,39,8,3,88,73.67
S1411,100,38,32,8,3,69,63.98
S1412,89,36,35,7,3,69,66.56
S1413,83,28,30,7,3,57,63.96
S1414,92,35,34,9,3,80,74.77
S1415,81,25,36,7,3,50,61.76
S1416,93,34,40,9,3,86,86.48
S1417,77,27,29,5,3,51,57.56
S1418,91,38,30,8,2,63,67.62
S1419,72,31,21,6,3,47,55.88
S1420,85,33,38,8,3,67,72.25
S1421,99,39,38,9,2,79,75.34
S1422,70,27,32,7,2,50,46.59
S1423,88,35,34,9,2,69,61.6
S1424,81,36,30,8,2,66,57.13
S1425,98,38,38,8,3,74,78.54
S1426,70,30,28,6,2,44,51.22
S1427,74,30,26,7,3,50,64.41
S1428,100,33,34,8,2,71,63.24
S1429,81,40,39,10,3,77,83.26
S1430,84,34,32,8,3,68,61.96
S1431,82,32,31,7,3,65,65.11
S1432,90,35,39,8,3,70,75.07
S1433,82,28,26,6,3,57,42.88
S1434,83,30,32,9,3,64,73.44
S1435,77,29,25,8,2,38,49.34
S1436,87,30,40,9,4,84,76.15
S1437,89,36,32,7,2,59,57.94
S1438,94,27,29,7,3,69,59.28
S1439,90,32,26,6,2,56,57.82
S1440,88,31,33,7,4,72,68.9
S1441,84,33,32,7,2,67,62.02
S1442,96,38,33,9,2,79,77.21
S1443,75,24,25,6,2,43,50.68
S1444,81,37,39,8,3,75,71.15
S1445,81,28,33,7,3,62,51.94
S1446,78,29,38,8,3,69,72.33
S1447,87,32,25,5,3,60,52.87
S1448,83,32,32,7,3,59,69.95
S1449,90,40,38,8,4,85,85.05
S1450,76,33,35,7,2,48,57.73
S1451,86,27,31,6,2,59,55.59
S1452,96,33,40,10,3,84,95.0
S1453,78,24,28,6,2,53,58.36
S1454,81,34,35,9,4,70,76.41
S1455,87,34,33,8,3,69,70.97
S1456,79,34,30,8,3,55,70.9
S1457,80,34,26,7,3,58,54.56
S1458,80,32,31,6,3,59,60.47
S1459,83,36,35,9,3,83,73.61
S1460,78,26,34,8,3,64,63.42
S1461,100,40,37,9,4,93,84.61
S1462,77,30,28,8,3,56,50.53
S1463,83,36,35,8,2,71,54.27
S1464,99,31,40,9,3,75,74.25
S1465,85,29,39,7,3,75,64.16
S1466,86,24,29,7,3,50,55.95
S1467,69,32,25,7,2,50,59.72
S1468,91,37,34,9,3,77,83.77
S1469,89,33,36,9,4,74,73.88
S1470,85,33,31,7,3,58,66.33
S1471,77,30,35,7,3,61,59.02
S1472,81,29,29,7,3,53,57.01
S1473,84,38,38,8,3,71,75.57
S1474,93,27,32,7,3,64,68.23
S1475,87,25,36,8,3,66,64.19
S1476,68,36,25,7,2,53,56.72
S1477,72,28,22,6,3,41,39.95
S1478,80,30,33,8,2,61,60.02
S1479,93,40,33,9,3,76,94.69
S1480,71,27,25,6,3,44,48.8
S1481,84,33,25,7,3,52,68.41
S1482,82,32,33,7,3,64,64.15
S1483,83,26,35,7,2,62,60.49
S1484,92,32,34,8,3,70,71.25
S1485,94,40,33,9,2,74,74.49
S1486,86,35,31,8,2,64,59.97
S1487,71,29,32,7,3,58,58.73
S1488,92,37,31,8,2,74,63.47
S1489,94,38,37,7,4,82,83.61
S1490,78,37,29,7,3,65,68.86
S1491,78,27,35,7,3,58,62.08
S1492,96,40,40,10,3,93,86.52
S1493,78,30,30,5,3,47,55.44
S1494,93,30,32,8,3,63,67.65
S1495,88,35,33,8,4,76,81.0
S1496,91,30,33,7,2,73,51.14
S1497,85,38,28,8,3,71,66.54
S1498,91,34,31,7,3,52,55.89
S1499,71,30,29,7,3,49,46.15
S1500,77,29,31,7,3,64,66.2
S1501,78,27,33,7,3,58,63.89
S1502,80,32,34,7,2,64,54.75
S1503,84,34,31,7,3,65,55.68
S1504,89,35,30,8,4,70,56.63
S1505,90,31,32,8,3,72,65.59
S1506,73,29,37,7,2,59,70.09
S1507,86,37,35,8,3,66,75.35
S1508,80,22,33,6,3,48,50.1
S1509,77,25,34,8,3,60,63.22
S1510,96,38,32,9,3,77,69.69
S1511,82,35,28,7,4,71,64.98
S1512,86,25,37,8,3,66,66.96
S1513,78,28,32,8,3,59,61.07
S1514,90,33,37,9,3,74,80.84
S1515,81,23,27,6,2,49,48.23
S1516,79,25,31,6,3,59,57.5
S1517,79,27,22,6,2,36,40.65
S1518,91,26,34,6,2,71,62.3
S1519,97,33,40,8,4,84,92.23
S1520,90,40,37,9,4,84,79.4
S1521,71,34,31,9,3,64,59.43
S1522,82,31,32,7,4,63,74.56
S1523,100,31,37,8,3,74,75.27
S1524,88,26,28,5,4,60,65.96
S1525,82,28,31,7,3,56,57.16
S1526,86,30,34,8,2,62,71.8
S1527,75,24,31,6,3,50,51.95
S1528,83,27,36,7,3,53,64.28
S1529,79,25,27,6,3,40,60.19
S1530,82,30,33,7,3,68,60.2
S1531,89,36,31,8,3,71,65.39
S1532,93,40,35,7,3,76,72.24
S1533,77,19,31,6,3,55,51.51
S1534,74,31,40,9,3,74,60.62
S1535,88,35,40,8,3,82,79.34
S1536,87,36,32,7,3,68,64.57
S1537,89,35,36,8,3,73,80.21
S1538,76,29,35,9,2,57,47.75
S1539,91,40,36,8,3,78,72.95
S1540,80,25,30,6,3,58,43.49
S1541,92,29,36,7,3,63,63.16
S1542,89,37,32,8,4,77,78.04
S1543,86,32,33,8,3,63,67.25
S1544,78,27,31,6,2,53,48.54
S1545,76,28,27,8,3,51,56.55
S1546,79,27,26,6,2,46,48.45
S1547,77,25,29,6,3,50,45.5
S1548,87,36,27,8,3,59,71.61
S1549,83,38,31,8,3,71,73.44
S1550,86,30,35,8,3,68,70.56
S1551,84,28,40,7,2,64,65.28
S1552,86,33,29,7,2,65,60.78
S1553,85,39,35,9,3,76,88.51
S1554,84,32,27,7,3,59,60.13
S1555,87,32,37,7,3,71,66.58
S1556,75,32,26,7,3,49,51.62
S1557,78,34,31,8,2,64,54.33
S1558,80,28,27,8,2,58,47.55
S1559,65,29,24,7,1,51,35.0
S1560,97,36,33,8,3,74,75.3
S1561,79,26,24,7,2,41,50.23
S1562,86,35,30,7,4,66,70.07
S1563,81,28,27,7,3,64,52.26
S1564,79,34,28,7,2,50,61.25
S1565,77,28,26,7,3,51,58.69
S1566,89,34,35,8,3,83,71.25
S1567,88,33,35,7,3,70,64.34
S1568,86,30,30,8,2,64,63.91
S1569,94,24,40,7,3,75,69.35
S1570,90,30,30,6,3,56,52.49
S1571,81,27,25,7,4,50,58.83
S1572,85,26,29,7,2,57,55.65
S1573,82,24,32,6,3,53,49.62
S1574,100,39,40,9,3,91,87.49
S1575,86,31,33,8,4,70,63.53
S1576,68,18,28,4,3,49,44.3
S1577,100,39,35,8,4,85,91.96
S1578,74,20,35,6,2,52,44.86
S1579,100,37,37,8,3,82,82.37
S1580,85,31,37,8,3,78,55.65
S1581,86,34,34,8,3,70,63.44
S1582,88,36,34,9,3,80,73.6
S1583,84,37,40,8,3,77,68.83
S1584,90,37,31,7,3,71,73.25
S1585,82,30,33,8,2,66,72.58
S1586,74,23,25,6,3,40,39.35
S1587,88,33,35,8,3,68,66.2
S1588,87,34,28,7,3,68,65.27
S1589,85,33,37,10,3,81,86.39
S1590,94,30,36,8,3,77,65.29
S1591,89,34,32,8,3,70,71.73
S1592,89,32,34,8,3,70,80.95
S1593,86,40,40,9,3,80,71.17
S1594,78,32,24,6,3,49,45.63
S1595,80,31,34,8,3,64,63.18
S1596,86,37,40,9,3,81,75.88
S1597,80,39,28,7,3,65,68.78
S1598,89,38,26,6,3,62,64.53
S1599,90,32,32,7,4,68,60.48
S1600,90,35,30,7,2,75,65.75
S1601,96,38,40,9,3,81,80.59
S1602,78,27,31,7,3,68,64.84
S1603,69,33,34,8,2,46,54.03
S1604,86,25,35,6,3,58,55.49
S1605,93,33,38,8,3,80,78.41
S1606,80,26,21,6,3,44,52.72
S1607,83,31,30,7,3,65,64.11
S1608,86,31,32,7,3,64,54.2
S1609,83,31,37,7,3,57,69.13
S1610,89,36,34,9,3,69,69.7
S1611,86,29,26,8,2,60,58.87
S1612,74,30,31,6,2,54,41.84
S1613,99,29,32,6,3,61,68.21
S1614,91,35,37,8,3,80,70.26
S1615,86,35,34,8,2,66,58.95
S1616,86,34,31,8,3,70,72.49
S1617,77,32,33,7,2,53,58.43
S1618,76,30,31,7,2,50,50.4
S1619,78,26,26,7,3,51,62.02
S1620,91,28,35,7,3,63,63.7
S1621,99,33,40,7,5,83,85.21
S1622,93,35,40,8,3,76,79.38
S1623,83,25,26,7,2,46,47.03
S1624,90,29,29,7,3,62,65.4
S1625,96,31,37,8,3,74,71.5
S1626,80,30,27,7,2,51,50.78
S1627,94,38,35,8,3,76,84.95
S1628,91,29,30,7,4,74,62.02
S1629,79,24,34,7,3,58,43.64
S1630,90,34,35,10,4,77,92.35
S1631,100,27,35,8,3,79,87.49
S1632,83,33,32,8,4,67,69.01
S1633,93,29,32,7,2,63,50.12
S1634,83,27,33,6,2,54,51.69
S1635,93,30,34,8,2,54,64.66
S1636,79,28,32,6,3,60,55.03
S1637,82,38,35,9,3,80,68.08
S1638,88,33,28,7,2,63,62.68
S1639,95,35,40,7,3,80,78.82
S1640,96,37,40,9,3,86,74.57
S1641,82,26,35,7,3,65,65.15
S1642,93,39,38,9,3,87,94.06
S1643,92,36,40,9,4,85,86.34
S1644,98,29,40,8,3,79,74.17
S1645,82,25,26,6,3,52,50.86
S1646,80,28,35,8,2,65,63.59
S1647,96,35,37,8,3,74,67.04
S1648,76,35,29,7,2,52,56.89
S1649,81,37,29,8,4,65,68.85
S1650,79,30,28,8,3,60,71.57
S1651,88,31,34,7,3,60,65.23
S1652,79,34,28,7,3,64,70.15
S1653,79,34,34,8,3,64,60.67
S1654,89,40,30,9,3,70,79.21
S1655,98,37,37,8,4,86,85.63
S1656,90,30,36,7,3,60,62.67
S1657,90,28,34,7,3,73,66.25
S1658,85,34,37,9,3,76,81.76
S1659,88,31,30,7,3,66,61.78
S1660,83,29,31,8,3,67,53.85
S1661,82,27,34,8,3,57,63.87
S1662,75,25,31,8,3,50,52.39
S1663,83,32,37,9,3,77,70.47
S1664,85,31,27,7,3,57,59.96
S1665,93,35,37,8,3,73,65.87
S1666,86,30,26,7,2,53,45.72
S1667,84,33,36,7,4,72,74.28
S1668,73,36,34,8,2,65,58.33
S1669,71,26,35,7,2,47,36.76
S1670,85,32,37,8,3,67,75.03
S1671,82,36,29,7,3,66,65.21
S1672,86,31,28,7,3,66,57.33
S1673,80,32,32,7,2,60,49.96
S1674,88,32,34,7,2,76,67.4
S1675,77,24,33,6,2,46,50.99
S1676,93,38,33,8,3,76,89.21
S1677,94,39,34,9,3,81,82.35
S1678,60,23,16,5,2,31,35.0
S1679,83,33,27,7,2,54,55.46
S1680,74,30,31,7,3,62,62.32
S1681,84,33,30,9,3,62,72.74
S1682,73,34,28,9,2,62,66.54
S1683,66,32,21,5,3,40,39.95
S1684,85,36,26,7,2,60,56.05
S1685,88,23,27,6,3,53,50.88
S1686,86,34,31,8,3,62,72.94
S1687,100,40,40,10,3,86,95.0
S1688,91,28,31,6,3,59,58.1
S1689,82,29,35,7,3,61,60.48
S1690,77,28,27,6,2,55,49.5
S1691,81,29,34,7,3,61,60.45
S1692,81,30,29,6,2,54,57.57
S1693,89,33,32,7,4,73,57.88
S1694,82,29,32,8,4,69,63.53
S1695,87,38,29,8,3,65,65.44
S1696,88,31,38,8,4,75,62.54
S1697,86,34,33,8,3,67,63.93
S1698,81,32,29,8,3,48,58.17
S1699,88,27,36,8,3,63,66.72
S1700,94,33,34,6,3,65,73.77
S1701,68,31,27,7,3,48,51.52
S1702,99,33,35,8,3,75,69.9
S1703,78,34,31,8,2,56,60.05
S1704,73,26,29,7,3,53,59.39
S1705,91,37,29,8,2,66,61.02
S1706,87,32,39,8,3,75,67.25
S1707,86,35,29,7,3,60,68.01
S1708,90,28,33,7,2,67,58.86
S1709,90,31,30,8,2,60,66.9
S1710,89,30,33,8,4,68,72.66
S1711,85,40,34,8,2,76,73.35
S1712,60,28,26,5,3,40,35.0
S1713,90,37,37,9,3,83,78.7
S1714,89,35,33,7,3,64,67.38
S1715,80,28,36,8,2,59,53.49
S1716,80,32,34,8,3,62,57.13
S1717,89,38,31,8,3,74,76.21
S1718,81,34,37,8,2,73,63.49
S1719,74,30,29,6,3,58,47.31
S1720,74,31,31,7,2,49,53.2
S1721,87,28,30,6,2,54,60.6
S1722,87,26,37,8,2,60,49.68
S1723,95,37,27,9,4,68,70.17
S1724,77,30,28,7,3,47,51.5
S1725,92,26,33,6,3,59,69.8
S1726,84,29,27,7,3,53,60.37
S1727,76,25,27,7,2,47,52.73
S1728,87,40,39,9,2,76,69.57
S1729,89,40,40,8,3,80,72.68
S1730,98,34,37,8,3,77,80.06
S1731,76,23,29,6,2,39,45.64
S1732,72,28,24,6,3,45,51.15
S1733,92,29,28,6,2,61,54.44
S1734,80,32,30,8,3,58,65.37
S1735,86,25,37,7,4,63,68.77
S1736,82,32,30,7,3,64,66.25
S1737,86,32,28,7,2,62,62.5
S1738,75,32,28,7,2,60,43.42
S1739,100,39,34,9,3,84,69.35
S1740,82,28,40,7,3,68,71.41
S1741,83,40,36,8,2,72,76.61
S1742,77,27,29,7,2,52,45.25
S1743,85,31,38,9,3,67,62.45
S1744,88,35,33,7,4,72,73.16
S1745,87,33,34,9,3,75,78.42
S1746,83,34,28,6,2,55,65.34
S1747,78,33,22,7,3,59,58.46
S1748,88,30,37,8,3,65,68.29
S1749,82,28,28,6,3,53,49.66
S1750,74,21,35,7,2,49,49.98
S1751,78,24,30,6,3,52,50.1
S1752,81,32,36,7,2,74,54.74
S1753,81,29,28,7,3,59,70.06
S1754,63,22,27,6,2,44,48.12
S1755,88,32,39,9,3,78,82.63
S1756,86,35,34,8,3,67,65.47
S1757,80,30,31,6,2,50,57.85
S1758,87,34,24,8,2,65,63.6
S1759,85,32,30,8,3,60,68.53
S1760,82,32,32,8,3,62,73.23
S1761,82,36,38,9,3,81,78.98
S1762,81,26,35,6,3,54,62.01
S1763,87,39,29,8,3,73,74.4
S1764,84,25,31,8,3,60,63.65
S1765,91,27,36,7,3,58,55.82
S1766,84,36,34,9,2,66,69.66
S1767,81,25,26,6,3,53,47.99
S1768,89,39,34,8,2,68,62.85
S1769,84,33,35,7,3,64,76.28
S1770,81,30,36,8,3,63,76.89
S1771,78,27,30,6,3,63,61.76
S1772,93,40,27,8,4,73,78.56
S1773,91,29,35,8,2,62,73.39
S1774,86,40,33,8,3,72,73.51
S1775,78,28,32,7,3,59,59.83
S1776,100,40,40,9,4,87,85.01
S1777,97,40,30,9,4,75,86.01
S1778,94,32,37,7,2,61,67.41
S1779,88,39,36,7,3,76,65.02
S1780,83,34,30,6,3,59,60.17
S1781,91,36,35,8,3,78,73.89
S1782,87,34,35,8,2,73,77.46
S1783,87,21,40,8,3,62,71.42
S1784,82,30,34,8,3,52,65.97
S1785,85,24,27,5,2,51,47.14
S1786,80,28,21,6,3,48,49.79
S1787,92,32,39,8,3,76,73.6
S1788,83,23,34,7,3,55,52.57
S1789,100,38,26,7,3,70,70.0
S1790,81,30,25,7,3,64,52.38
S1791,86,32,37,7,2,65,56.2
S1792,99,30,36,7,3,73,74.73
S1793,78,23,35,8,3,63,62.59
S1794,94,40,24,7,3,68,57.77
S1795,77,36,31,8,3,67,64.91
S1796,86,38,29,8,3,76,75.43
S1797,84,36,35,8,3,75,77.49
S1798,84,38,26,8,2,57,68.4
S1799,97,40,36,9,3,81,83.36
S1800,96,28,34,7,3,76,62.89
S1801,91,28,35,7,3,69,59.93
S1802,84,35,38,9,3,73,77.51
S1803,72,31,34,8,2,61,59.97
S1804,91,34,30,7,3,69,74.48
S1805,85,33,28,8,3,59,71.75
S1806,79,34,28,8,2,54,58.12
S1807,87,27,23,6,3,55,45.95
S1808,87,31,40,7,4,78,72.19
S1809,84,28,40,7,2,60,63.29
S1810,89,38,36,9,3,76,77.15
S1811,100,36,38,8,3,77,76.85
S1812,82,33,29,6,3,68,60.24
S1813,94,34,31,8,2,66,64.47
S1814,100,39,35,9,3,83,79.49
S1815,89,40,32,8,3,75,75.94
S1816,87,34,34,8,4,72,72.71
S1817,94,28,34,8,2,62,66.93
S1818,86,26,36,7,3,62,65.05
S1819,88,28,33,7,4,65,61.4
S1820,74,32,24,6,3,57,48.56
S1821,84,31,32,8,3,71,74.57
S1822,97,33,31,8,4,68,70.08
S1823,86,31,31,8,4,67,58.36
S1824,100,39,39,9,3,86,74.82
S1825,86,32,34,7,2,59,61.78
S1826,92,37,34,9,2,75,73.51
S1827,79,32,31,7,3,62,60.32
S1828,84,32,37,8,3,70,77.11
S1829,82,34,29,7,3,66,46.65
S1830,86,32,33,7,3,67,67.69
S1831,91,35,34,8,3,77,82.23
S1832,81,30,32,8,3,64,57.56
S1833,76,26,26,6,3,50,47.47
S1834,85,27,23,5,2,42,40.62
S1835,91,33,30,8,4,70,68.37
S1836,97,39,31,8,3,78,74.44
S1837,76,23,26,5,3,42,53.21
S1838,70,31,37,9,2,65,72.5
S1839,81,32,29,6,2,60,51.3
S1840,96,40,37,8,3,84,91.58
S1841,76,29,29,7,3,49,56.69
S1842,81,33,32,8,3,52,76.39
S1843,98,32,40,8,4,83,81.93
S1844,83,34,33,9,2,69,67.57
S1845,85,35,31,8,3,68,70.65
S1846,87,40,29,8,2,63,85.56
S1847,91,34,33,8,3,74,76.78
S1848,84,30,40,8,3,67,66.48
S1849,70,28,29,7,3,61,58.88
S1850,84,32,32,8,2,61,60.26
S1851,88,33,27,7,3,62,60.17
S1852,62,22,22,5,3,36,40.8
S1853,95,34,40,9,3,63,81.15
S1854,83,36,28,8,2,67,63.58
S1855,72,26,28,7,2,42,47.83
S1856,81,31,37,7,3,57,67.07
S1857,99,40,37,9,3,81,87.15
S1858,91,34,34,7,3,60,58.13
S1859,86,27,34,8,3,66,69.65
S1860,84,38,34,7,3,71,63.22
S1861,67,22,27,5,3,41,35.0
S1862,85,28,34,7,2,47,58.26
S1863,93,37,39,9,2,79,77.47
S1864,78,26,26,5,1,48,35.0
S1865,90,29,35,8,4,71,78.7
S1866,79,27,32,7,3,62,50.57
S1867,90,36,32,6,3,69,63.73
S1868,74,29,26,6,2,42,42.91
S1869,88,32,31,7,3,64,64.69
S1870,74,37,27,8,2,59,59.62
S1871,72,31,29,8,2,53,48.62
S1872,81,30,33,7,3,58,66.14
S1873,83,28,33,8,3,61,64.79
S1874,86,33,38,7,4,82,62.52
S1875,77,31,32,8,2,62,47.17
S1876,81,25,37,9,3,72,67.04
S1877,84,37,29,7,3,56,63.84
S1878,94,36,35,8,2,68,70.67
S1879,94,36,36,8,3,81,76.15
S1880,86,35,38,8,2,73,70.36
S1881,97,36,38,8,2,79,80.08
S1882,84,27,23,7,2,51,43.95
S1883,100,40,38,8,4,88,80.33
S1884,96,40,33,9,3,71,74.36
S1885,82,28,20,5,2,46,44.13
S1886,80,30,29,7,3,62,66.18
S1887,83,26,29,6,3,51,52.17
S1888,94,40,33,8,3,77,62.28
S1889,79,29,33,8,2,52,48.9
S1890,90,36,39,9,3,73,74.53
S1891,87,31,30,8,4,73,67.3
S1892,96,38,34,8,3,74,74.8
S1893,77,31,29,6,3,57,55.49
S1894,82,37,33,9,3,65,70.86
S1895,79,25,31,7,3,48,62.67
S1896,94,30,32,7,2,65,58.6
S1897,100,39,38,8,4,82,81.5
S1898,90,33,38,8,2,73,72.32
S1899,92,33,30,7,3,60,57.72
S1900,80,28,32,8,3,62,64.74
S1901,95,36,30,8,3,76,73.51
S1902,78,27,33,7,2,51,53.38
S1903,85,28,38,8,3,68,77.82
S1904,80,30,35,7,3,63,59.08
S1905,83,21,29,6,2,54,59.18
S1906,89,29,35,7,3,78,64.73
S1907,96,37,31,7,4,71,68.6
S1908,76,32,35,9,2,69,64.13
S1909,79,29,37,8,3,61,59.55
S1910,87,31,29,7,2,53,53.79
S1911,84,28,32,8,3,67,66.54
S1912,88,34,33,8,2,69,69.33
S1913,79,29,35,8,3,59,60.93
S1914,81,25,26,6,3,48,57.05
S1915,77,34,35,9,4,72,81.03
S1916,89,39,34,8,3,80,83.18
S1917,81,37,36,10,3,76,80.21
S1918,90,37,29,8,4,72,83.1
S1919,91,34,32,8,3,71,60.11
S1920,87,34,31,7,3,63,63.95
S1921,95,31,31,7,3,63,62.32
S1922,91,25,34,6,4,69,65.89
S1923,96,32,40,9,4,74,81.18
S1924,79,19,30,7,2,43,46.65
S1925,93,34,29,8,2,69,76.74
S1926,88,33,36,8,2,66,66.35
S1927,84,39,39,9,4,77,85.53
S1928,99,36,38,9,3,87,81.37
S1929,79,23,31,7,3,57,55.68
S1930,85,30,32,7,3,63,63.04
S1931,87,32,21,6,2,55,53.41
S1932,83,35,33,8,3,66,75.74
S1933,92,36,30,8,3,72,81.25
S1934,98,40,36,8,4,90,86.86
S1935,94,36,30,7,3,68,72.99
S1936,76,31,30,8,4,56,58.99
S1937,79,26,27,6,3,44,51.14
S1938,93,35,40,8,3,75,83.32
S1939,78,32,32,7,3,65,66.29
S1940,84,35,31,8,2,62,64.91
S1941,77,26,24,7,2,45,52.59
S1942,69,31,28,7,3,54,56.92
S1943,71,31,33,8,3,59,68.1
S1944,79,30,34,7,3,65,63.35
S1945,90,32,27,7,2,54,56.79
S1946,86,33,30,8,3,68,68.99
S1947,87,31,33,9,3,68,53.84
S1948,88,35,35,9,3,76,77.57
S1949,84,29,33,8,2,66,39.69
S1950,94,31,40,8,3,70,65.56
S1951,86,26,35,6,3,58,62.52
S1952,86,38,33,8,4,83,79.35
S1953,98,35,33,8,3,77,68.69
S1954,82,35,31,7,3,71,60.07
S1955,87,23,35,7,3,56,69.36
S1956,87,34,34,8,2,63,63.43
S1957,96,34,26,8,3,65,82.65
S1958,94,34,32,6,3,75,66.59
S1959,76,40,21,7,3,55,60.8
S1960,78,18,30,6,3,49,57.49
S1961,86,40,35,7,3,73,72.56
S1962,86,36,21,7,2,61,49.96
S1963,100,29,40,8,2,82,71.99
S1964,90,38,40,8,3,82,78.2
S1965,85,35,34,8,3,68,62.42
S1966,90,35,36,7,4,78,73.88
S1967,74,26,30,6,2,50,42.63
S1968,88,28,32,6,3,53,65.53
S1969,90,30,35,7,3,68,67.33
S1970,68,25,28,6,2,45,40.76
S1971,78,36,26,7,3,60,59.3
S1972,84,30,36,8,3,67,69.37
S1973,77,32,26,6,2,52,53.2
S1974,84,39,29,8,2,64,59.08
S1975,85,32,38,10,3,68,70.83
S1976,74,29,31,8,2,56,61.9
S1977,85,34,25,6,2,60,51.33
S1978,89,36,35,9,3,69,68.09
S1979,97,35,40,8,2,71,77.76
S1980,73,33,30,7,3,58,61.09
S1981,77,31,36,8,2,63,52.25
S1982,89,32,34,7,3,59,68.68
S1983,100,33,34,8,3,70,80.06
S1984,81,36,35,9,2,79,70.68
S1985,86,33,34,8,4,74,77.69
S1986,81,32,33,8,3,62,57.87
S1987,68,26,25,5,2,46,40.14
S1988,77,29,36,7,4,63,64.03
S1989,91,29,40,8,2,71,65.84
S1990,83,30,24,7,3,54,62.1
S1991,82,35,29,8,3,71,74.58
S1992,84,29,28,7,3,65,69.88
S1993,81,30,28,6,1,52,54.66
S1994,72,23,28,7,2,41,45.18
S1995,75,30,27,7,2,51,53.07
S1996,83,32,38,8,3,66,74.69
S1997,82,32,31,8,3,71,65.97
S1998,72,27,23,6,2,43,43.02
S1999,90,30,33,7,3,70,70.68
S2000,92,37,33,8,2,70,69.4
S2001,92,35,32,8,3,77,67.95
S2002,86,33,35,9,2,66,66.33
S2003,94,40,40,10,3,84,91.03
S2004,82,21,26,6,2,44,44.74
S2005,75,28,30,8,3,55,60.97
S2006,77,37,37,9,3,66,76.98
S2007,100,40,40,8,3,100,81.89
S2008,81,31,32,8,3,59,69.26
S2009,76,29,34,8,3,61,64.84
S2010,85,28,33,8,3,67,58.05
S2011,94,33,33,9,3,70,83.86
S2012,89,40,29,8,3,68,69.25
S2013,85,31,33,6,3,67,51.65
S2014,92,34,27,6,2,58,51.98
S2015,85,30,35,8,3,67,61.87
S2016,76,26,21,7,2,48,45.33
S2017,78,36,28,8,3,63,62.54
S2018,91,31,35,7,3,71,66.24
S2019,74,38,28,8,4,65,71.7
S2020,81,25,30,7,3,58,58.75
S2021,90,30,39,8,3,72,74.48
S2022,80,32,35,8,2,53,64.95
S2023,94,38,32,8,3,73,78.65
S2024,80,29,32,5,3,50,41.93
S2025,79,30,26,7,3,53,54.38
S2026,96,37,32,8,2,76,58.08
S2027,74,30,27,7,2,43,50.77
S2028,65,23,25,6,2,38,37.86
S2029,78,34,33,7,3,70,69.27
S2030,85,33,34,8,4,72,80.51
S2031,85,27,28,6,2,53,52.37
S2032,92,34,38,8,2,74,68.1
S2033,85,35,40,9,4,86,84.46
S2034,76,27,32,7,3,57,54.02
S2035,82,28,40,7,3,69,65.53
S2036,77,35,27,7,3,67,65.27
S2037,79,37,30,8,3,67,63.23
S2038,91,39,31,8,3,82,78.44
S2039,85,32,28,7,3,58,65.7
S2040,86,33,39,8,3,77,67.19
S2041,98,40,30,7,3,73,79.57
S2042,87,31,33,8,3,64,72.2
S2043,76,21,29,5,3,41,46.08
S2044,79,39,29,8,3,63,62.68
S2045,85,30,32,7,4,62,62.36
S2046,73,29,28,6,2,50,44.03
S2047,94,34,33,6,3,70,70.42
S2048,79,31,27,8,3,68,55.13
S2049,75,28,26,5,3,51,50.17
S2050,86,39,26,7,3,63,58.09
S2051,99,33,33,7,2,69,66.13
S2052,89,31,38,9,2,69,71.37
S2053,94,37,35,8,3,82,90.66
S2054,86,30,30,8,3,58,57.02
S2055,82,35,29,7,3,66,71.6
S2056,84,22,34,6,3,52,56.66
S2057,87,39,28,8,3,82,72.44
S2058,90,36,35,8,3,76,74.61
S2059,77,25,28,6,2,42,48.99
S2060,80,34,33,7,3,63,63.11
S2061,93,35,36,9,3,81,86.7
S2062,99,36,40,9,2,85,76.94
S2063,99,40,40,9,4,94,95.0
S2064,100,32,35,8,3,75,71.97
S2065,96,32,40,8,3,76,76.84
S2066,68,22,26,5,1,39,35.0
S2067,94,30,40,7,3,68,74.77
S2068,78,34,30,7,3,65,69.69
S2069,90,27,21,6,3,51,52.83
S2070,77,30,33,7,3,60,58.97
S2071,88,24,37,6,2,56,49.81
S2072,89,37,39,10,3,89,81.2
S2073,91,30,36,9,3,73,64.73
S2074,74,25,28,6,3,38,44.1
S2075,90,39,33,8,3,71,75.89
S2076,89,36,39,9,3,85,86.71
S2077,78,29,23,7,2,53,65.59
S2078,100,32,37,7,3,78,70.66
S2079,88,35,36,8,4,83,85.85
S2080,80,35,33,6,4,58,67.55
S2081,83,25,29,6,3,58,53.17
S2082,91,37,40,10,4,86,91.01
S2083,76,32,23,6,2,49,47.58
S2084,74,36,29,7,2,54,56.34
S2085,88,30,33,7,3,67,62.57
S2086,76,30,30,7,3,48,49.56
S2087,100,37,40,10,3,86,78.97
S2088,92,30,29,9,3,65,73.86
S2089,93,32,35,6,2,66,60.78
S2090,94,36,38,7,3,79,71.17
S2091,86,32,32,7,2,61,60.38
S2092,78,29,34,8,3,64,68.16
S2093,80,34,25,6,3,56,57.01
S2094,92,36,33,7,3,72,66.73
S2095,80,25,39,7,3,61,69.28
S2096,75,28,24,5,2,37,51.19
S2097,92,40,40,8,2,75,79.07
S2098,98,39,33,7,3,78,80.85
S2099,75,27,25,6,4,45,60.94
S2100,90,32,32,7,3,63,73.12
S2101,87,29,26,7,3,50,63.0
S2102,91,37,29,7,3,71,71.72
S2103,87,36,30,9,3,70,75.37
S2104,89,34,39,9,3,73,71.25
S2105,87,32,32,8,2,64,67.81
S2106,95,38,40,10,3,81,78.52
S2107,89,29,38,9,3,75,69.18
S2108,82,33,25,6,4,59,68.23
S2109,69,27,25,6,2,42,47.14
S2110,88,36,34,8,3,76,81.12
S2111,81,24,30,6,3,54,51.58
S2112,78,33,30,7,3,66,53.81
S2113,80,32,29,8,3,53,61.69
S2114,89,32,39,8,3,72,74.07
S2115,98,37,33,8,4,74,81.65
S2116,97,30,32,8,3,63,77.87
S2117,99,37,40,8,3,79,79.6
S2118,88,40,34,8,3,68,77.02
S2119,81,35,28,8,2,58,54.62
S2120,82,31,33,7,3,66,65.61
S2121,83,29,32,6,3,55,58.57
S2122,90,29,34,8,2,66,59.98
S2123,84,37,32,8,2,61,64.21
S2124,85,27,40,7,3,66,65.13
S2125,87,32,39,8,3,70,71.01
S2126,85,33,35,9,4,81,87.51
S2127,71,22,33,7,2,40,47.38
S2128,89,38,31,7,3,61,67.83
S2129,92,36,31,8,3,65,59.92
S2130,89,33,39,8,3,70,68.87
S2131,86,27,22,7,2,51,49.16
S2132,71,28,26,6,3,49,44.76
S2133,100,37,35,9,3,79,89.99
S2134,76,33,30,6,2,55,51.39
S2135,81,39,29,8,3,72,75.59
S2136,82,27,39,7,4,77,69.01
S2137,95,34,34,8,4,76,78.81
S2138,85,32,39,8,2,66,66.79
S2139,84,30,21,7,2,53,51.13
S2140,83,32,34,8,3,63,77.71
S2141,83,28,27,6,3,55,41.09
S2142,88,36,30,8,3,60,58.08
S2143,86,37,29,8,3,69,65.76
S2144,85,33,24,8,3,67,62.82
S2145,97,34,40,8,4,86,87.37
S2146,84,31,39,8,3,69,73.41
S2147,100,33,30,8,3,68,70.93
S2148,78,29,36,8,3,68,70.76
S2149,78,31,35,9,3,66,74.4
S2150,100,40,39,9,3,89,87.46
S2151,85,30,28,7,3,63,66.09
S2152,93,31,35,8,3,68,73.62
S2153,76,34,37,8,3,65,64.46
S2154,86,33,34,8,2,60,69.28
S2155,83,40,30,8,3,69,70.84
S2156,84,32,32,8,3,72,66.79
S2157,93,40,35,8,2,76,82.04
S2158,85,39,30,8,3,61,56.05
S2159,86,32,31,8,3,68,58.7
S2160,92,30,35,7,3,76,61.05
S2161,86,34,40,9,2,78,70.48
S2162,100,40,37,8,4,82,85.07
S2163,92,37,31,8,2,67,59.63
S2164,84,28,31,7,2,53,50.46
S2165,93,32,40,9,3,75,73.76
S2166,93,31,31,7,3,67,80.94
S2167,84,36,32,8,2,69,75.52
S2168,85,27,32,7,3,65,58.66
S2169,94,37,36,8,3,74,74.82
S2170,84,27,29,6,2,53,44.64
S2171,76,28,26,6,2,48,35.38
S2172,85,27,32,7,2,52,55.99
S2173,81,28,31,7,3,60,53.47
S2174,95,34,40,7,4,81,79.01
S2175,93,33,37,7,3,76,62.27
S2176,88,40,40,10,3,90,80.2
S2177,73,23,26,6,2,41,42.92
S2178,82,35,33,9,3,72,73.55
S2179,86,36,35,7,3,66,71.67
S2180,83,37,38,8,4,82,70.05
S2181,86,32,29,6,2,59,60.48
S2182,73,30,23,7,3,49,47.26
S2183,100,40,28,7,3,83,77.17
S2184,95,36,40,10,3,81,85.13
S2185,84,31,30,6,3,66,50.92
S2186,100,37,38,7,3,75,76.09
S2187,78,32,34,8,3,65,67.57
S2188,90,36,29,8,2,69,69.26
S2189,83,36,22,8,3,51,61.66
S2190,97,34,34,8,3,71,84.05
S2191,91,34,28,9,2,65,73.02
S2192,97,40,33,9,2,70,75.3
S2193,87,25,40,7,3,66,70.21
S2194,68,21,26,5,1,26,42.58
S2195,85,33,35,9,3,72,84.22
S2196,87,37,33,8,4,76,69.15
S2197,81,32,35,8,3,72,61.95
S2198,78,36,33,9,3,54,78.99
S2199,95,34,34,8,2,68,63.58
S2200,94,32,39,8,3,74,67.91
S2201,77,28,26,7,3,43,51.5
S2202,73,30,28,6,3,54,54.69
S2203,91,36,37,8,3,68,75.04
S2204,82,26,28,5,2,43,42.47
S2205,70,19,21,6,2,32,35.0
S2206,73,30,35,7,3,60,55.47
S2207,85,39,24,8,3,66,61.42
S2208,93,35,32,9,3,72,88.99
S2209,73,33,35,7,3,61,63.32
S2210,86,32,27,6,2,56,59.39
S2211,100,33,39,8,3,77,76.09
S2212,69,33,26,8,3,62,55.88
S2213,75,29,26,6,2,48,42.59
S2214,78,26,27,6,3,51,35.66
S2215,75,26,31,7,2,46,42.91
S2216,100,40,36,8,3,91,70.9
S2217,83,27,34,7,2,58,43.89
S2218,84,27,34,8,2,58,53.44
S2219,86,29,35,8,3,67,75.43
S2220,60,23,34,8,2,48,47.07
S2221,77,27,28,8,3,50,65.5
S2222,97,40,35,9,3,78,84.9
S2223,94,37,34,8,3,73,80.26
S2224,82,25,29,6,3,52,48.33
S2225,77,21,31,8,3,59,59.08
S2226,81,37,33,8,3,68,73.59
S2227,93,28,31,6,3,62,58.28
S2228,87,24,35,7,3,56,65.24
S2229,93,34,35,8,3,77,77.27
S2230,77,31,39,7,3,62,61.39
S2231,84,26,28,6,2,59,43.51
S2232,97,37,35,9,3,82,73.62
S2233,78,27,38,8,1,56,56.49
S2234,72,28,32,7,3,55,57.92
S2235,95,38,38,8,3,84,74.67
S2236,86,35,31,8,3,66,69.1
S2237,87,31,32,8,3,70,70.81
S2238,75,29,28,6,2,47,51.69
S2239,78,32,26,6,3,55,63.53
S2240,83,37,30,7,3,64,72.82
S2241,76,30,33,8,3,61,56.75
S2242,95,40,37,9,3,76,92.77
S2243,99,33,37,9,3,76,77.05
S2244,91,38,32,8,2,66,75.44
S2245,79,32,36,8,3,66,67.55
S2246,88,40,34,9,3,82,75.47
S2247,73,27,33,6,3,51,42.9
S2248,91,28,29,7,3,62,61.43
S2249,88,34,29,6,2,65,48.49
S2250,82,29,28,7,2,51,59.75
S2251,90,36,34,7,3,69,79.24
S2252,81,25,33,6,3,60,51.07
S2253,87,32,33,8,2,64,66.11
S2254,100,36,37,7,4,88,76.81
S2255,99,39,34,8,4,93,79.87
S2256,85,35,24,7,2,59,61.22
S2257,81,29,32,8,2,59,58.91
S2258,84,30,36,7,3,66,75.34
S2259,80,28,31,7,2,58,51.65
S2260,83,33,32,8,3,78,72.85
S2261,76,31,25,7,2,49,51.37
S2262,87,30,25,6,3,54,61.13
S2263,88,32,35,7,4,75,69.31
S2264,75,32,38,7,3,63,63.45
S2265,87,30,38,8,3,67,69.99
S2266,85,28,40,7,4,74,66.35
S2267,86,34,33,8,2,73,69.07
S2268,88,30,40,8,3,86,76.21
S2269,89,33,31,8,2,55,68.06
S2270,94,34,40,9,4,81,93.95
S2271,97,28,40,7,4,77,85.04
S2272,93,35,35,8,4,74,76.79
S2273,84,35,40,9,3,82,78.96
S2274,81,25,36,7,2,61,52.55
S2275,88,28,31,8,3,64,65.47
S2276,89,30,31,7,2,68,56.21
S2277,84,28,29,8,3,66,71.79
S2278,99,33,36,9,3,71,81.66
S2279,84,30,28,6,3,62,55.79
S2280,91,38,36,9,3,80,86.21
S2281,87,33,29,7,3,63,51.15
S2282,84,27,32,6,2,53,41.49
S2283,78,30,33,8,2,62,63.77
S2284,81,32,32,7,3,62,62.88
S2285,95,34,36,8,3,68,76.94
S2286,72,28,25,5,3,43,37.86
S2287,87,31,40,7,2,69,65.12
S2288,86,34,31,8,3,67,80.06
S2289,70,23,24,6,3,37,48.68
S2290,77,23,31,6,3,45,52.41
S2291,91,33,32,9,3,70,70.86
S2292,86,31,36,7,3,69,64.34
S2293,93,29,39,8,2,74,56.42
S2294,80,28,35,6,3,68,60.03
S2295,89,33,40,8,5,85,88.52
S2296,83,37,33,8,3,71,60.95
S2297,75,28,26,7,3,54,49.59
S2298,72,31,29,6,3,54,46.28
S2299,90,39,35,9,3,75,73.11
S2300,75,33,27,6,2,58,50.3
S2301,79,29,31,6,3,56,43.92
S2302,86,37,23,7,2,53,61.37
S2303,69,30,25,7,2,50,51.5
S2304,73,32,29,8,3,48,58.54
S2305,75,28,23,7,4,50,41.39
S2306,84,36,27,8,2,63,55.89
S2307,96,37,34,9,3,76,86.72
S2308,88,36,32,7,2,67,47.48
S2309,87,30,39,8,3,77,69.27
S2310,89,29,36,8,3,66,62.7
S2311,100,40,32,10,4,84,93.94
S2312,75,27,28,6,2,49,42.82
S2313,90,35,34,8,4,78,79.4
S2314,86,40,38,9,3,80,82.9
S2315,93,36,36,9,3,83,89.58
S2316,92,38,32,8,3,74,72.96
S2317,94,39,40,9,2,81,81.55
S2318,86,33,32,7,3,67,56.66
S2319,85,37,29,7,3,75,72.56
S2320,85,35,35,7,3,69,63.68
S2321,92,38,35,8,4,80,77.19
S2322,79,34,33,8,3,65,66.38
S2323,87,30,35,9,3,64,62.51
S2324,82,34,34,7,3,69,66.88
S2325,85,26,37,6,3,51,66.39
S2326,85,36,26,6,3,60,61.79
S2327,90,35,37,8,3,78,65.23
S2328,82,26,27,7,3,49,55.18
S2329,82,32,30,8,4,69,73.37
S2330,90,33,35,9,2,71,59.5
S2331,74,33,32,6,2,58,46.45
S2332,89,35,39,9,2,76,79.07
S2333,88,31,35,6,3,61,65.54
S2334,95,37,36,9,3,81,82.75
S2335,86,29,34,7,3,63,75.0
S2336,79,35,37,8,2,64,68.06
S2337,100,35,35,8,4,82,85.93
S2338,94,39,39,8,3,78,95.0
S2339,90,29,31,7,3,58,62.67
S2340,85,22,37,7,3,58,56.4
S2341,93,33,34,8,2,65,70.78
S2342,77,33,27,7,3,62,60.78
S2343,83,29,26,5,2,52,44.28
S2344,83,30,33,9,2,68,58.18
S2345,81,27,38,6,3,59,73.79
S2346,98,35,40,8,2,69,77.52
S2347,82,28,37,7,3,62,59.31
S2348,79,30,34,8,2,66,65.56
S2349,96,40,37,9,4,85,87.1
S2350,88,31,36,8,3,65,68.98
S2351,79,25,26,7,3,53,56.61
S2352,82,24,33,6,3,55,47.96
S2353,93,40,40,8,3,84,83.08
S2354,85,37,31,7,3,71,78.08
S2355,83,33,36,9,3,68,75.22
S2356,84,37,37,9,3,79,73.92
S2357,100,32,40,8,3,84,75.98
S2358,100,33,40,10,3,81,83.06
S2359,85,34,36,10,2,68,71.05
S2360,83,37,35,9,3,64,72.19
S2361,81,40,32,8,2,63,71.57
S2362,72,27,24,6,2,45,35.0
S2363,76,36,26,8,3,51,67.04
S2364,81,32,31,7,2,55,55.26
S2365,82,33,32,8,2,59,64.35
S2366,80,33,32,8,3,66,59.05
S2367,73,27,32,7,2,56,59.19
S2368,100,33,35,8,4,76,88.1
S2369,98,37,33,8,2,82,78.02
S2370,70,32,29,8,2,46,45.41
S2371,100,34,40,8,4,81,89.5
S2372,80,37,33,9,3,71,74.18
S2373,94,40,40,9,4,89,79.36
S2374,99,38,37,8,3,78,80.3
S2375,82,33,24,8,2,61,59.15
S2376,91,38,37,9,4,79,87.52
S2377,100,38,36,9,2,75,79.81
S2378,84,30,37,8,3,62,70.42
S2379,87,26,40,8,2,68,73.63
S2380,62,33,23,6,2,42,48.89
S2381,84,26,32,7,3,59,43.18
S2382,85,33,33,8,3,74,66.64
S2383,87,40,32,8,3,70,72.27
S2384,79,29,29,7,2,52,43.12
S2385,83,35,36,8,3,71,71.39
S2386,88,38,35,8,4,77,86.04
S2387,87,38,25,8,2,66,56.69
S2388,98,25,35,7,4,68,73.82
S2389,67,20,28,6,2,37,35.0
S2390,75,30,24,6,3,52,46.6
S2391,83,34,30,7,2,68,67.68
S2392,100,37,35,9,2,77,74.31
S2393,90,29,35,8,2,71,67.73
S2394,89,34,32,8,3,66,59.29
S2395,75,35,25,7,3,59,68.25
S2396,89,36,32,8,3,69,75.08
S2397,93,39,40,9,2,77,77.83
S2398,87,37,30,7,3,69,70.47
S2399,84,33,40,8,3,71,64.29
S2400,72,26,24,7,2,39,52.12
S2401,78,28,23,6,2,47,43.63
S2402,100,37,39,9,4,84,87.66
S2403,97,40,40,9,4,90,87.22
S2404,72,25,33,7,2,51,46.91
S2405,84,37,31,8,4,67,77.82
S2406,78,40,34,9,3,68,74.99
S2407,82,31,28,7,3,56,63.58
S2408,77,28,33,8,3,56,61.73
S2409,95,34,35,7,3,74,74.91
S2410,87,37,35,8,3,75,70.78
S2411,93,37,40,8,3,80,92.16
S2412,88,40,40,8,2,81,65.21
S2413,81,29,30,7,2,47,62.32
S2414,82,35,31,8,2,61,70.81
S2415,80,29,31,7,4,59,58.92
S2416,80,29,26,6,2,50,62.06
S2417,80,25,38,6,3,61,64.35
S2418,93,37,35,10,4,79,91.84
S2419,79,33,32,7,4,61,66.85
S2420,84,33,30,8,3,68,64.87
S2421,93,40,28,9,2,66,70.61
S2422,86,37,35,7,3,72,72.15
S2423,69,28,31,7,3,54,62.26
S2424,76,29,25,6,2,43,47.64
S2425,88,34,40,9,4,82,76.94
S2426,85,36,36,8,3,75,77.19
S2427,82,35,26,7,3,61,66.45
S2428,87,19,31,6,3,58,57.09
S2429,90,25,32,7,3,66,66.37
S2430,89,36,31,8,3,73,69.32
S2431,75,35,27,7,3,58,53.16
S2432,76,28,31,9,3,62,57.89
S2433,94,36,28,8,3,75,61.59
S2434,88,29,34,8,3,62,69.29
S2435,89,31,30,7,4,66,68.03
S2436,80,36,33,10,3,65,71.52
S2437,86,33,37,7,4,70,55.64
S2438,91,37,40,9,3,78,73.82
S2439,80,29,30,7,3,61,65.46
S2440,71,33,27,8,2,53,50.2
S2441,91,34,31,8,3,63,72.62
S2442,81,34,37,8,3,70,61.79
S2443,80,31,29,7,3,62,67.96
S2444,94,34,37,7,4,78,76.29
S2445,81,35,30,8,2,71,63.41
S2446,85,28,30,5,3,52,68.22
S2447,100,40,34,9,2,82,87.67
S2448,76,35,31,7,3,65,59.81
S2449,92,32,38,9,3,74,73.6
S2450,85,30,39,9,3,73,71.45
S2451,82,28,34,6,3,63,61.74
S2452,83,31,38,6,3,68,63.07
S2453,70,30,26,6,2,47,42.9
S2454,83,33,31,8,2,65,70.55
S2455,65,23,33,8,2,47,48.22
S2456,86,24,38,8,3,60,79.87
S2457,85,35,38,8,3,72,73.53
S2458,89,35,33,8,3,66,82.02
S2459,84,37,32,8,4,71,76.49
S2460,86,37,38,8,4,85,84.77
S2461,93,31,33,7,2,72,59.16
S2462,82,31,26,7,2,43,49.07
S2463,76,30,30,7,2,50,56.06
S2464,79,25,30,7,3,54,61.67
S2465,88,34,40,8,3,77,75.19
S2466,78,33,27,8,2,61,49.63
S2467,79,35,26,7,2,52,47.34
S2468,97,38,37,9,3,84,74.12
S2469,77,24,31,7,2,48,40.22
S2470,90,37,35,8,3,76,75.2
S2471,86,36,28,7,3,65,71.33
S2472,82,35,29,7,3,63,62.89
S2473,100,31,40,9,3,75,67.99
S2474,91,34,38,9,3,73,76.81
S2475,86,34,38,8,3,75,71.84
S2476,85,38,32,8,3,70,83.37
S2477,97,33,40,9,3,80,72.66
S2478,91,36,32,8,3,68,70.14
S2479,85,40,36,8,3,73,84.93
S2480,74,33,30,6,3,57,58.51
S2481,80,32,39,8,3,69,72.82
S2482,87,37,32,8,3,74,71.98
S2483,91,36,33,8,3,62,75.01
S2484,92,36,29,7,3,62,72.57
S2485,77,28,27,6,2,50,42.91
S2486,89,28,33,6,4,60,70.74
S2487,75,34,29,8,2,61,49.73
S2488,79,31,25,6,3,46,55.51
S2489,91,32,32,8,3,64,70.91
S2490,79,31,29,7,3,56,55.47
S2491,95,37,26,7,3,64,67.91
S2492,86,35,26,7,3,63,59.15
S2493,76,32,25,6,3,65,46.62
S2494,79,28,28,6,3,52,51.51
S2495,84,29,27,7,3,60,52.24
S2496,77,28,36,7,3,64,62.66
S2497,92,31,35,7,3,60,61.9
S2498,88,37,39,8,3,69,80.42
S2499,88,30,33,8,2,63,56.57
S2500,98,36,29,8,3,70,70.26
S2501,89,29,36,7,2,60,58.63
S2502,88,23,39,9,2,64,73.57
S2503,80,32,37,8,3,72,70.17
S2504,89,40,40,9,2,80,76.54
S2505,83,31,30,7,3,60,64.41
S2506,88,35,34,8,5,78,68.19
S2507,86,35,36,8,2,78,67.5
S2508,86,33,30,8,3,60,78.74
S2509,86,25,26,6,3,50,54.23
S2510,82,32,34,8,3,73,67.58
S2511,77,31,31,7,3,66,62.7
S2512,90,34,31,7,2,62,67.98
S2513,81,30,34,7,3,56,50.81
S2514,91,34,38,9,3,74,68.06
S2515,82,26,37,8,3,66,66.49
S2516,81,29,36,8,4,78,66.31
S2517,89,39,35,7,3,67,80.16
S2518,80,28,32,8,2,55,56.21
S2519,81,33,30,7,3,62,50.54
S2520,90,32,36,7,3,68,61.62
S2521,74,30,31,7,3,59,41.39
S2522,83,33,34,7,3,58,63.96
S2523,82,30,31,6,3,53,57.01
S2524,74,29,28,6,3,64,49.53
S2525,89,33,29,7,3,70,71.09
S2526,92,35,38,8,2,84,78.71
S2527,80,20,26,7,1,47,40.74
S2528,87,40,32,9,3,75,63.64
S2529,85,27,34,9,3,57,71.85
S2530,85,35,31,7,3,66,68.83
S2531,91,27,36,8,3,71,71.04
S2532,90,28,32,6,3,53,66.75
S2533,76,30,32,9,3,62,58.08
S2534,86,33,32,8,4,67,84.49
S2535,84,33,24,6,3,54,50.8
S2536,94,32,37,9,3,76,81.72
S2537,84,25,26,5,3,42,39.74
S2538,85,32,36,8,2,66,59.93
S2539,82,32,34,8,2,64,71.68
S2540,82,30,32,8,3,59,63.09
S2541,63,22,34,6,3,48,51.47
S2542,85,37,33,8,3,67,72.46
S2543,78,27,32,6,3,58,54.45
S2544,81,32,28,7,2,59,63.56
S2545,100,40,33,8,3,81,78.21
S2546,81,35,38,8,3,77,60.79
S2547,94,39,33,9,3,81,74.54
S2548,81,27,36,8,2,64,63.65
S2549,70,34,27,7,3,57,58.08
S2550,80,27,34,8,3,65,53.9
S2551,92,33,40,9,4,91,79.16
S2552,82,30,24,7,4,61,57.54
S2553,86,27,38,6,2,59,55.89
S2554,88,27,40,7,2,70,55.06
S2555,87,39,39,9,3,81,76.33
S2556,95,36,40,8,2,75,70.65
S2557,86,35,37,8,3,80,77.32
S2558,92,37,33,9,2,63,77.43
S2559,95,40,36,9,4,81,85.8
S2560,91,39,34,8,3,83,73.34
S2561,72,26,29,6,2,47,46.28
S2562,83,32,36,8,3,67,64.12
S2563,85,35,32,9,3,64,65.35
S2564,52,20,21,5,1,25,35.0
S2565,88,27,36,8,2,64,59.78
S2566,74,35,28,8,2,56,50.51
S2567,99,37,40,9,3,83,85.61
S2568,71,25,29,7,3,54,55.99
S2569,86,30,29,7,3,61,52.21
S2570,62,25,24,7,2,38,40.29
S2571,91,30,35,7,2,67,61.88
S2572,77,26,26,6,3,49,52.14
S2573,87,32,34,8,3,63,69.31
S2574,70,27,24,7,3,47,40.82
S2575,79,29,30,7,2,54,46.63
S2576,93,39,31,7,3,72,71.83
S2577,86,33,30,7,4,62,74.52
S2578,79,25,26,6,3,47,37.38
S2579,90,28,35,7,3,62,67.87
S2580,82,24,31,6,3,47,61.24
S2581,96,34,40,9,4,81,84.91
S2582,91,31,35,8,3,67,74.37
S2583,97,40,34,8,3,80,74.79
S2584,80,33,33,8,3,67,65.6
S2585,100,37,40,9,3,76,75.59
S2586,76,34,35,8,2,66,48.32
S2587,69,21,24,7,1,36,41.79
S2588,98,38,34,7,3,75,69.36
S2589,87,39,40,8,3,80,75.05
S2590,77,32,27,6,2,63,42.09
S2591,100,33,38,7,3,77,67.11
S2592,80,38,31,8,3,65,67.21
S2593,85,30,30,8,3,63,60.38
S2594,89,33,40,9,3,74,79.91
S2595,77,29,30,8,3,58,63.15
S2596,90,36,29,8,3,76,71.95
S2597,78,31,31,6,3,49,58.39
S2598,78,29,31,6,2,48,60.56
S2599,97,33,40,9,3,78,74.95
S2600,97,30,40,8,3,72,76.03
S2601,85,31,35,7,3,75,72.22
S2602,76,35,37,8,3,67,75.81
S2603,69,28,30,6,3,43,42.12
S2604,83,26,33,7,3,59,58.37
S2605,89,32,35,7,3,74,75.94
S2606,86,37,25,8,3,58,69.36
S2607,79,33,26,8,2,47,58.12
S2608,96,37,38,10,3,82,83.71
S2609,90,33,33,8,2,69,64.05
S2610,86,28,31,7,3,58,63.21
S2611,81,33,33,9,2,67,63.8
S2612,77,30,37,8,3,65,65.38
S2613,83,30,38,8,2,61,64.97
S2614,72,26,21,6,3,34,40.75
S2615,97,36,40,8,4,84,87.72
S2616,81,29,29,7,3,63,75.78
S2617,86,30,36,9,4,72,65.85
S2618,70,21,22,7,4,38,50.51
S2619,88,40,34,8,3,72,70.5
S2620,92,27,37,8,3,73,73.69
S2621,100,40,40,9,3,87,87.29
S2622,95,40,37,9,2,80,82.97
S2623,87,34,31,8,3,72,75.64
S2624,81,35,34,8,2,75,65.4
S2625,81,30,23,7,2,53,57.71
S2626,87,30,31,7,3,64,49.49
S2627,79,25,37,7,2,62,65.3
S2628,77,27,35,7,3,59,61.69
S2629,85,30,39,8,3,70,76.75
S2630,82,32,39,7,3,73,60.3
S2631,91,34,40,8,4,79,75.8
S2632,75,35,35,9,3,74,70.46
S2633,78,32,27,7,3,58,57.9
S2634,85,32,32,8,3,70,68.88
S2635,78,22,30,6,3,51,56.94
S2636,82,32,35,7,3,67,54.54
S2637,75,29,31,7,4,61,67.43
S2638,78,26,27,6,2,50,46.87
S2639,94,28,39,7,3,65,68.98
S2640,95,32,35,8,3,75,64.92
S2641,83,36,33,7,3,63,69.57
S2642,95,34,39,8,3,80,63.23
S2643,83,31,30,8,2,59,63.82
S2644,79,21,35,7,3,50,47.76
S2645,95,35,32,8,2,72,69.46
S2646,100,40,39,8,2,82,78.35
S2647,100,40,40,8,3,88,90.95
S2648,100,40,36,9,4,84,87.81
S2649,72,29,27,7,2,49,44.96
S2650,95,35,40,9,3,87,78.64
S2651,93,28,40,7,3,72,77.84
S2652,79,32,34,9,3,65,71.94
S2653,92,40,36,9,3,83,78.67
S2654,90,35,40,8,3,74,75.09
S2655,71,29,29,7,3,50,45.08
S2656,79,29,39,8,3,60,69.43
S2657,76,34,38,8,2,62,53.67
S2658,100,37,40,9,3,83,89.51
S2659,100,39,39,9,4,88,90.89
S2660,96,38,29,8,3,74,87.99
S2661,100,32,35,8,4,78,73.69
S2662,87,36,29,9,3,58,71.07
S2663,88,31,36,8,4,65,85.42
S2664,85,26,35,8,3,71,72.29
S2665,84,30,30,7,3,57,57.2
S2666,92,35,37,10,3,85,82.62
S2667,70,23,40,7,2,50,52.66
S2668,71,33,37,8,3,66,66.57
S2669,82,31,31,8,3,65,60.52
S2670,79,27,30,7,2,42,52.23
S2671,69,21,31,6,3,42,37.24
S2672,98,34,40,7,4,82,81.62
S2673,100,40,40,9,3,82,89.66
S2674,95,34,27,7,3,63,65.43
S2675,84,33,34,7,3,61,56.3
S2676,90,32,37,9,3,74,81.36
S2677,86,26,31,7,3,56,62.38
S2678,83,28,26,7,3,53,52.73
S2679,73,26,30,6,3,51,49.3
S2680,82,40,38,9,3,80,69.01
S2681,88,40,31,8,3,77,67.02
S2682,80,32,29,7,4,68,61.41
S2683,89,29,31,6,3,67,67.76
S2684,90,24,31,7,2,53,52.56
S2685,81,27,31,7,2,47,58.03
S2686,83,30,33,7,3,63,59.61
S2687,72,36,31,8,2,64,60.48
S2688,88,28,32,8,2,58,60.75
S2689,81,28,29,7,3,62,63.16
S2690,81,29,27,6,3,44,51.32
S2691,98,34,40,8,3,83,70.13
S2692,78,36,30,8,3,63,57.32
S2693,97,34,33,8,3,64,71.31
S2694,95,37,40,9,3,73,75.57
S2695,87,38,30,7,3,61,70.14
S2696,91,34,34,8,3,82,69.7
S2697,85,30,28,8,3,57,77.3
S2698,85,37,29,8,3,77,58.31
S2699,100,35,39,8,3,83,81.43
S2700,87,30,33,7,2,63,53.51
S2701,87,30,33,7,3,69,61.63
S2702,81,32,37,8,3,62,69.5
S2703,86,38,29,8,3,72,55.94
S2704,79,28,29,7,3,59,58.55
S2705,81,31,26,6,3,54,66.27
S2706,87,37,27,7,3,68,62.51
S2707,84,30,27,7,2,52,56.48
S2708,83,37,28,8,3,63,73.0
S2709,78,33,33,7,3,74,61.53
S2710,88,36,34,8,3,74,68.98
S2711,85,32,32,8,2,53,49.47
S2712,82,28,36,7,2,65,62.33
S2713,89,33,27,7,3,64,62.82
S2714,85,29,37,8,3,66,62.56
S2715,84,32,29,7,3,66,62.67
S2716,94,34,31,8,3,70,68.4
S2717,94,40,35,8,3,78,75.14
S2718,91,35,33,7,3,67,73.05
S2719,83,40,40,9,3,80,71.69
S2720,81,29,40,9,3,68,77.75
S2721,97,37,37,9,4,84,78.05
S2722,98,36,35,8,3,69,73.55
S2723,99,37,40,9,3,79,95.0
S2724,71,26,27,6,2,46,50.35
S2725,91,40,30,8,4,74,78.68
S2726,77,28,31,7,3,52,52.04
S2727,92,28,33,6,3,67,59.41
S2728,94,38,37,8,4,84,83.07
S2729,78,32,34,8,2,66,61.25
S2730,90,40,39,9,2,74,77.05
S2731,86,31,28,7,3,63,61.34
S2732,86,39,36,9,4,79,80.8
S2733,81,37,29,7,2,65,50.95
S2734,83,28,37,7,2,58,56.62
S2735,82,30,34,8,2,57,66.87
S2736,84,31,29,6,3,55,50.32
S2737,79,40,28,8,3,67,66.04
S2738,81,36,29,8,3,64,61.29
S2739,79,29,28,6,3,57,54.88
S2740,80,32,35,7,3,65,61.73
S2741,72,30,23,7,3,51,60.18
S2742,91,35,38,8,2,68,74.21
S2743,98,29,36,8,3,76,65.89
S2744,85,29,32,8,2,54,64.83
S2745,83,23,30,5,3,47,45.94
S2746,93,28,27,5,4,51,57.18
S2747,98,40,40,8,3,81,85.05
S2748,82,30,26,7,3,53,54.95
S2749,76,29,27,7,3,62,60.43
S2750,89,39,35,8,2,77,66.45
S2751,90,34,35,9,3,77,71.93
S2752,91,40,39,9,4,88,82.97
S2753,76,29,30,7,2,51,49.4
S2754,87,35,30,8,3,64,75.19
S2755,77,26,29,7,3,51,58.68
S2756,88,30,30,8,3,69,76.01
S2757,85,36,26,7,4,64,80.71
S2758,93,36,38,9,3,75,74.04
S2759,90,37,40,9,3,88,81.11
S2760,87,38,35,9,3,71,69.91
S2761,92,39,39,9,3,77,77.66
S2762,90,33,25,7,3,65,58.94
S2763,87,38,34,10,2,75,68.5
S2764,73,33,40,8,3,64,61.55
S2765,89,33,28,8,2,58,61.81
S2766,94,30,39,8,4,74,71.65
S2767,89,31,31,7,2,64,65.31
S2768,89,37,34,9,3,77,71.02
S2769,80,32,27,7,2,57,70.96
S2770,89,30,34,9,3,66,69.27
S2771,80,35,25,7,2,58,55.54
S2772,71,29,30,7,3,48,47.32
S2773,87,33,25,7,3,54,71.33
S2774,98,40,35,9,3,85,89.5
S2775,71,26,38,6,3,59,56.94
S2776,98,36,38,9,3,80,74.39
S2777,87,32,34,7,3,67,67.69
S2778,69,30,25,7,3,53,44.89
S2779,79,32,33,8,4,71,78.2
S2780,90,28,32,7,2,55,64.27
S2781,93,37,40,9,2,83,78.18
S2782,84,35,37,9,2,72,56.16
S2783,80,28,39,8,2,58,56.78
S2784,96,40,36,9,3,85,86.73
S2785,94,34,34,8,3,78,80.86
S2786,81,30,35,8,2,64,68.21
S2787,82,27,27,7,3,54,47.21
S2788,85,30,28,8,3,61,65.14
S2789,85,35,33,8,3,64,75.75
S2790,82,31,32,6,3,68,49.66
S2791,97,25,34,7,3,59,66.31
S2792,92,34,39,9,4,80,85.02
S2793,79,26,28,6,2,47,46.13
S2794,77,32,30,8,3,65,51.55
S2795,79,35,31,8,2,60,59.55
S2796,93,35,36,8,3,65,73.31
S2797,93,37,35,8,4,73,79.41
S2798,72,21,29,6,3,55,43.35
S2799,100,38,36,8,3,78,77.64
S2800,83,29,40,8,3,62,69.32
S2801,90,39,36,8,3,69,79.08
S2802,95,39,38,8,3,82,78.18
S2803,80,31,34,7,2,63,55.93
S2804,85,35,30,8,2,57,64.01
S2805,90,35,34,8,3,70,61.36
S2806,72,27,33,7,2,45,54.4
S2807,81,28,31,6,2,54,51.98
S2808,85,39,36,8,2,69,70.11
S2809,92,30,40,6,3,69,73.92
S2810,87,38,33,7,3,77,58.2
S2811,85,32,30,7,3,64,51.43
S2812,89,34,32,8,2,70,67.47
S2813,90,33,36,7,3,62,69.65
S2814,84,29,28,7,3,55,60.36
S2815,77,33,36,8,3,75,64.2
S2816,70,31,28,8,2,52,56.91
S2817,82,32,32,7,2,61,64.04
S2818,89,33,35,8,2,75,69.99
S2819,76,24,26,6,3,47,46.88
S2820,76,23,26,5,3,39,35.0
S2821,91,32,35,9,4,72,83.63
S2822,93,40,34,8,3,78,84.33
S2823,94,40,40,8,3,79,85.23
S2824,72,27,26,6,2,47,39.02
S2825,84,30,36,7,3,66,69.08
S2826,91,25,34,7,4,59,73.17
S2827,76,29,36,7,3,66,70.12
S2828,77,35,27,8,3,62,57.28
S2829,83,28,33,5,4,61,58.69
S2830,78,23,32,7,2,60,55.42
S2831,94,39,30,9,3,70,77.66
S2832,86,28,36,7,3,63,58.17
S2833,81,30,32,7,2,58,59.28
S2834,78,31,29,7,2,60,57.64
S2835,87,30,32,7,3,62,64.4
S2836,87,33,40,9,3,79,78.1
S2837,80,25,29,5,2,48,43.89
S2838,84,25,35,6,3,53,67.02
S2839,82,38,33,7,2,69,57.78
S2840,74,33,31,7,3,65,56.0
S2841,87,34,36,9,3,78,74.95
S2842,86,32,26,7,2,58,61.64
S2843,88,30,35,9,2,61,58.93
S2844,91,36,40,8,3,76,69.87
S2845,86,32,30,7,3,61,51.49
S2846,88,33,25,6,2,54,54.62
S2847,85,31,40,8,3,69,65.15
S2848,72,25,24,6,2,42,39.35
S2849,82,31,36,9,3,64,74.64
S2850,91,33,35,8,2,65,64.26
S2851,81,27,23,5,2,44,44.64
S2852,83,32,40,9,3,83,72.65
S2853,83,31,28,6,3,54,61.21
S2854,100,29,33,8,3,70,75.33
S2855,80,30,19,5,3,46,42.54
S2856,72,37,28,9,3,64,64.09
S2857,72,21,30,6,1,39,44.62
S2858,87,30,34,8,2,65,66.01
S2859,79,25,25,6,2,52,37.14
S2860,83,35,30,7,3,64,67.9
S2861,89,32,30,6,3,63,55.47
S2862,91,34,27,7,3,71,73.29
S2863,79,28,27,6,2,58,54.55
S2864,100,33,40,9,3,78,84.23
S2865,98,33,33,8,3,65,75.15
S2866,98,35,37,8,3,76,76.85
S2867,89,38,36,7,4,77,80.85
S2868,87,26,26,6,3,52,52.36
S2869,87,34,32,9,2,66,69.3
S2870,93,40,37,9,4,88,91.53
S2871,71,34,33,7,2,70,52.36
S2872,95,37,37,9,4,71,81.76
S2873,92,31,31,7,4,66,63.48
S2874,88,37,36,9,3,70,71.01
S2875,93,40,36,10,2,75,69.18
S2876,88,37,27,8,4,74,77.22
S2877,79,25,40,7,3,64,72.9
S2878,88,31,35,6,3,64,72.32
S2879,90,31,35,8,3,69,61.17
S2880,79,35,31,8,2,62,65.72
S2881,83,26,34,7,2,61,64.78
S2882,84,40,31,6,3,58,62.73
S2883,80,37,32,8,3,65,68.83
S2884,97,33,33,7,3,70,59.07
S2885,88,31,34,8,3,68,70.75
S2886,83,32,29,7,3,59,55.24
S2887,96,32,35,7,4,84,76.62
S2888,82,35,29,6,3,59,50.88
S2889,58,25,27,6,2,43,40.56
S2890,72,30,25,7,4,56,63.2
S2891,84,40,31,8,3,76,66.68
S2892,93,39,39,9,3,89,75.99
S2893,92,29,36,8,3,65,58.29
S2894,80,32,31,8,3,63,62.82
S2895,86,40,23,8,3,65,63.61
S2896,81,29,26,7,3,58,47.65
S2897,77,28,28,6,2,53,50.96
S2898,94,33,30,7,3,69,64.97
S2899,95,33,30,8,3,76,64.67
S2900,78,34,31,8,2,53,57.13
S2901,87,33,32,8,3,67,75.03
S2902,75,25,28,6,3,48,53.43
S2903,88,31,37,9,3,78,73.28
S2904,90,32,31,6,3,63,66.55
S2905,89,29,39,8,3,76,64.74
S2906,96,39,40,9,3,86,84.81
S2907,88,29,34,8,3,69,68.76
S2908,87,37,28,8,3,59,65.99
S2909,92,39,33,8,4,81,82.39
S2910,83,29,32,7,2,62,52.51
S2911,78,27,34,7,2,49,57.87
S2912,73,32,29,9,2,61,61.79
S2913,88,40,33,9,3,73,60.14
S2914,68,32,27,7,3,56,60.58
S2915,88,33,34,8,3,73,52.59
S2916,84,34,29,7,3,60,59.59
S2917,84,40,35,9,3,80,82.79
S2918,100,34,32,9,3,78,76.18
S2919,70,24,28,7,2,41,36.99
S2920,72,34,28,7,3,61,50.87
S2921,70,30,32,8,3,61,65.36
S2922,80,30,32,8,3,71,52.47
S2923,84,34,39,9,2,80,77.71
S2924,98,34,40,9,4,80,86.37
S2925,71,22,25,6,2,39,35.0
S2926,69,24,26,7,3,46,44.84
S2927,88,34,28,8,2,59,56.89
S2928,94,38,35,8,4,90,86.44
S2929,84,33,28,8,3,65,69.15
S2930,90,37,33,7,4,76,64.65
S2931,76,30,29,6,3,63,51.82
S2932,83,34,36,8,3,75,65.13
S2933,82,31,27,7,2,55,62.31
S2934,100,37,34,7,3,79,67.46
S2935,78,28,35,7,2,59,65.58
S2936,74,28,27,6,3,51,50.55
S2937,83,26,26,5,3,40,43.03
S2938,79,37,33,7,3,64,61.53
S2939,80,36,34,8,3,65,64.17
S2940,73,30,28,7,2,48,43.28
S2941,85,27,29,7,3,56,59.71
S2942,75,31,33,8,3,60,55.62
S2943,100,39,37,9,4,80,76.06
S2944,85,40,30,8,3,73,68.84
S2945,95,39,31,8,3,73,64.9
S2946,73,28,24,6,2,44,39.56
S2947,78,27,28,6,3,46,47.17
S2948,84,32,33,7,2,63,54.98
S2949,76,27,28,6,2,41,58.96
S2950,87,39,25,8,3,59,68.43
S2951,73,32,33,7,3,65,61.09
S2952,100,33,37,9,3,80,70.18
S2953,84,29,26,6,3,59,51.3
S2954,72,30,24,7,2,49,49.02
S2955,97,40,25,7,3,69,64.2
S2956,74,28,31,6,3,53,58.63
S2957,80,31,28,7,3,64,51.82
S2958,90,26,37,8,3,63,67.1
S2959,80,30,33,7,3,63,58.01
S2960,80,27,25,7,4,51,59.75
S2961,72,18,30,5,2,37,35.0
S2962,90,31,36,8,2,68,65.36
S2963,100,29,40,7,4,77,77.11
S2964,91,32,35,8,3,71,67.48
S2965,79,29,35,7,3,56,64.49
S2966,74,29,31,9,3,60,64.15
S2967,76,20,32,7,3,50,52.11
S2968,87,35,23,5,3,56,52.93
S2969,78,33,30,7,3,63,65.24
S2970,85,27,32,7,3,54,59.7
S2971,75,26,32,6,1,50,42.51
S2972,88,34,31,8,2,61,65.4
S2973,89,35,31,8,4,73,84.62
S2974,73,23,35,8,2,52,45.83
S2975,85,36,31,9,3,74,76.6
S2976,86,31,31,6,2,53,45.01
S2977,90,35,29,8,2,59,66.3
S2978,83,23,23,5,3,46,55.23
S2979,96,40,35,9,4,85,89.32
S2980,75,23,23,7,2,44,44.94
S2981,94,34,39,9,3,79,76.6
S2982,91,40,35,9,3,83,80.04
S2983,100,37,37,8,2,73,74.36
S2984,89,32,30,8,3,63,63.09
S2985,92,35,34,8,2,66,67.41
S2986,80,31,32,8,2,62,61.14
S2987,73,32,26,7,2,52,46.26
S2988,93,27,37,7,3,66,63.08
S2989,87,27,35,8,2,70,54.44
S2990,86,37,33,8,3,66,73.8
S2991,70,28,29,7,3,44,56.4
S2992,89,32,39,8,3,71,74.83
S2993,88,30,25,7,2,49,61.1
S2994,97,40,38,9,4,81,89.33
S2995,82,31,28,6,2,52,54.73
S2996,78,38,27,7,2,57,59.23
S2997,78,30,33,9,2,61,61.5
S2998,82,29,40,8,3,59,66.0
S2999,97,32,38,7,3,64,86.41
